,Date,Open,High,Low,Close,Adj Close,Volume,weekday,shift_close
0,2016-11-11,36.848,37.776001,36.599998,37.712002000000005,37.712002000000005,19942500,4,
1,2016-11-14,37.599998,37.650002,35.638,36.290001000000004,36.290001000000004,32761000,0,37.712002000000005
2,2016-11-15,36.556,37.285999,36.41,36.754002,36.754002,19510000,1,36.290001000000004
3,2016-11-16,36.529999,36.945999,36.242001,36.785999,36.785999,17172000,2,36.754002
4,2016-11-17,36.698002,37.897999,36.422001,37.731998,37.731998,24435500,3,36.785999
5,2016-11-18,38.130001,38.599998,37.0,37.004002,37.004002,26051500,4,37.731998
6,2016-11-21,37.007999,37.778,36.882,36.903999,36.903999,21805000,0,37.004002
7,2016-11-22,37.167999,38.293999,36.742001,38.234001,38.234001,28017000,1,36.903999
8,2016-11-23,38.122002,39.127998,37.799999,38.627998,38.627998,24459500,2,38.234001
9,2016-11-25,38.728001,39.448002,38.728001,39.330002,39.330002,11830500,4,38.627998
10,2016-11-28,39.096001,39.869999,38.91,39.223999,39.223999,22646000,0,39.330002
11,2016-11-29,39.112,39.346001,37.900002,37.914001,37.914001,22196500,1,39.223999
12,2016-11-30,38.200001,38.377998,37.5,37.880001,37.880001,17735500,2,37.914001
13,2016-12-01,37.650002,37.706001,36.200001,36.375999,36.375999,25632000,3,37.880001
14,2016-12-02,36.576,36.976002,36.0,36.293999,36.293999,20211500,4,36.375999
15,2016-12-05,36.501999,37.778,36.501999,37.360001000000004,37.360001000000004,20361000,0,36.293999
16,2016-12-06,37.104,37.316002000000005,36.535999,37.169998,37.169998,16958000,1,37.360001000000004
17,2016-12-07,37.23,38.68,37.0,38.630001,38.630001,27309500,2,37.169998
18,2016-12-08,38.41,38.5,37.908001,38.458,38.458,15970500,3,38.630001
19,2016-12-09,38.174,38.768002,38.161999,38.436001,38.436001,13612500,4,38.458
20,2016-12-12,38.560001,38.883998999999996,38.236,38.486,38.486,12194500,0,38.436001
21,2016-12-13,38.636002000000005,40.256001,38.599998,39.630001,39.630001,34119500,1,38.486
22,2016-12-14,39.748001,40.599998,39.352001,39.737999,39.737999,20754500,2,39.630001
23,2016-12-15,39.681999,40.147999,39.478001,39.515999,39.515999,16098000,3,39.737999
24,2016-12-16,39.616001000000004,40.518002,39.52,40.498001,40.498001,18984500,4,39.515999
25,2016-12-19,40.498001,40.889998999999996,39.967999,40.546001000000004,40.546001000000004,17440500,0,40.498001
26,2016-12-20,40.610001000000004,41.799999,40.5,41.757999,41.757999,23445500,1,40.546001000000004
27,2016-12-21,41.689999,42.445999,41.481998,41.540001000000004,41.540001000000004,26038000,2,41.757999
28,2016-12-22,41.644001,41.998001,41.299999,41.689999,41.689999,15555500,3,41.540001000000004
29,2016-12-23,41.599998,42.689999,41.542,42.667999,42.667999,23352500,4,41.689999
30,2016-12-27,42.976002,44.450001,42.883998999999996,43.905998,43.905998,29578500,1,42.667999
31,2016-12-28,44.306,44.759997999999996,43.439999,43.948002,43.948002,18912500,2,43.905998
32,2016-12-29,43.712002000000005,43.84,42.824001,42.936001,42.936001,20225000,3,43.948002
33,2016-12-30,43.259997999999996,43.5,42.335999,42.737999,42.737999,23213000,4,42.936001
34,2017-01-03,42.972,44.066002000000005,42.192001,43.397999,43.397999,29616500,1,42.737999
35,2017-01-04,42.950001,45.599998,42.862,45.397999,45.397999,56067500,2,43.397999
36,2017-01-05,45.284,45.495998,44.389998999999996,45.349998,45.349998,29558500,3,45.397999
37,2017-01-06,45.386002000000005,46.062,45.09,45.801998,45.801998,27639500,4,45.349998
38,2017-01-09,45.793999,46.383998999999996,45.599998,46.256001,46.256001,19897500,0,45.801998
39,2017-01-10,46.400002,46.400002,45.377998,45.973999,45.973999,18300000,1,46.256001
40,2017-01-11,45.813999,45.995998,45.335999,45.945999,45.945999,18254000,2,45.973999
41,2017-01-12,45.812,46.139998999999996,45.116001000000004,45.917999,45.917999,18951000,3,45.945999
42,2017-01-13,46.0,47.57,45.917999,47.549999,47.549999,30465000,4,45.917999
43,2017-01-17,47.34,47.992001,46.874001,47.116001000000004,47.116001000000004,23087500,1,47.549999
44,2017-01-18,47.330002,47.942001,47.116001000000004,47.672001,47.672001,18845000,2,47.116001000000004
45,2017-01-19,49.450001,49.736,48.150002,48.751999,48.751999,38661500,3,47.672001
46,2017-01-20,49.091999,49.200001,48.602001,48.945999,48.945999,21021500,4,48.751999
47,2017-01-23,49.169998,50.178001,49.099998,49.784,49.784,31314500,0,48.945999
48,2017-01-24,50.0,50.959998999999996,49.93,50.922001,50.922001,24827500,1,49.784
49,2017-01-25,51.462002000000005,51.692001,50.360001000000004,50.894001,50.894001,25713000,2,50.922001
50,2017-01-26,50.858002,51.147999,50.150002,50.501999,50.501999,15760500,3,50.894001
51,2017-01-27,50.276001,50.599998,49.703998999999996,50.59,50.59,15831500,4,50.501999
52,2017-01-30,50.506001,51.057999,49.419998,50.125999,50.125999,19005500,0,50.59
53,2017-01-31,49.848,51.178001,49.540001000000004,50.386002000000005,50.386002000000005,20580500,1,50.125999
54,2017-02-01,50.610001000000004,50.639998999999996,49.810001,49.848,49.848,19794000,2,50.386002000000005
55,2017-02-02,49.667999,50.484001,49.542,50.310001,50.310001,12499000,3,49.848
56,2017-02-03,50.382,50.436001,49.936001,50.265999,50.265999,10933500,4,50.310001
57,2017-02-06,50.200001,51.563999,50.125999,51.554001,51.554001,17812500,0,50.265999
58,2017-02-07,51.638,52.0,51.284,51.495998,51.495998,21224000,1,51.554001
59,2017-02-08,51.470001,52.672001,51.240002000000004,52.416,52.416,19665000,2,51.495998
60,2017-02-09,53.25,54.236,53.23,53.84,53.84,39101000,3,52.416
61,2017-02-10,53.958,54.189999,53.222,53.846001,53.846001,18098500,4,53.84
62,2017-02-13,54.147999,56.158001,54.102001,56.119999,56.119999,35148000,0,53.846001
63,2017-02-14,55.806,57.478001,55.722,56.195999,56.195999,36726000,1,56.119999
64,2017-02-15,56.0,56.448002,55.287997999999995,55.952,55.952,24739500,2,56.195999
65,2017-02-16,55.52,56.0,53.700001,53.790001000000004,53.790001000000004,35386500,3,55.952
66,2017-02-17,53.16,54.577999,52.830002,54.445999,54.445999,31285500,4,53.790001000000004
67,2017-02-21,55.09,56.279999,54.801998,55.478001,55.478001,28383500,1,54.445999
68,2017-02-22,56.062,56.689999,54.52,54.702,54.702,43775000,2,55.478001
69,2017-02-23,52.799999,52.931999,51.112,51.198002,51.198002,74576000,3,54.702
70,2017-02-24,50.532001,51.650002,50.040001000000004,51.400002,51.400002,40858000,4,51.198002
71,2017-02-27,49.633998999999996,49.672001,48.402,49.245998,49.245998,57304000,0,51.400002
72,2017-02-28,48.838001,50.200001,48.779999,49.998001,49.998001,30390500,1,49.245998
73,2017-03-01,50.835999,50.970001,49.821999,50.004002,50.004002,24047500,2,49.998001
74,2017-03-02,49.942001,50.655998,49.653999,50.096001,50.096001,16759000,3,50.004002
75,2017-03-03,50.147999,50.380001,49.799999,50.313999,50.313999,14597000,4,50.096001
76,2017-03-06,49.582001,50.34,49.501999,50.242001,50.242001,16777500,0,50.313999
77,2017-03-07,50.383998999999996,50.778,49.664001,49.717999,49.717999,17297500,1,50.242001
78,2017-03-08,49.400002,50.014,49.063999,49.374001,49.374001,18626000,2,49.717999
79,2017-03-09,49.526001,49.731998,48.599998,48.98,48.98,19396500,3,49.374001
80,2017-03-10,49.242001,49.299999,48.599998,48.737999,48.737999,15331500,4,48.98
81,2017-03-13,48.964001,49.369999,48.556,49.234001,49.234001,15113000,0,48.737999
82,2017-03-14,49.222,51.624001,49.203998999999996,51.599998,51.599998,37992000,1,49.234001
83,2017-03-15,51.400002,52.200001,50.854,51.146,51.146,26654000,2,51.599998
84,2017-03-16,52.48,53.150002,51.812,52.41,52.41,35661000,3,51.146
85,2017-03-17,52.799999,53.066002000000005,52.240002000000004,52.299999,52.299999,32487500,4,52.41
86,2017-03-20,52.119999,52.91,51.764,52.383998999999996,52.383998999999996,18071500,0,52.299999
87,2017-03-21,52.566002000000005,52.959998999999996,50.048,50.136002000000005,50.136002000000005,34543000,1,52.383998999999996
88,2017-03-22,50.312,51.014,50.102001,51.001999,51.001999,20296500,2,50.136002000000005
89,2017-03-23,51.077999,51.534,50.66,50.956001,50.956001,16601000,3,51.001999
90,2017-03-24,51.139998999999996,52.778,51.001999,52.632,52.632,28236500,4,50.956001
91,2017-03-27,52.119999,54.113997999999995,51.950001,54.043999,54.043999,31154000,0,52.632
92,2017-03-28,55.403999,56.136002000000005,55.0,55.490002000000004,55.490002000000004,39938000,1,54.043999
93,2017-03-29,55.667999,55.919998,55.108002,55.476002,55.476002,18381000,2,55.490002000000004
94,2017-03-30,55.608002,56.400002,55.442001,55.584,55.584,20742000,3,55.476002
95,2017-03-31,55.745998,55.936001,55.264,55.66,55.66,16473000,4,55.584
96,2017-04-03,57.380001,59.799999,56.916,59.703998999999996,59.703998999999996,69443000,0,55.66
97,2017-04-04,59.377998,60.962002000000005,58.905998,60.740002000000004,60.740002000000004,50673000,1,59.703998999999996
98,2017-04-05,60.408001,60.976002,58.84,59.0,59.0,39404500,2,60.740002000000004
99,2017-04-06,59.375999,60.388,58.82,59.740002000000004,59.740002000000004,27603000,3,59.0
100,2017-04-07,59.5,60.537997999999995,59.43,60.507999,60.507999,22898000,4,59.740002000000004
101,2017-04-10,61.830002,62.745998,61.742001,62.478001,62.478001,38322500,0,60.507999
102,2017-04-11,62.675999,62.694,61.099998,61.742001,61.742001,28623000,1,62.478001
103,2017-04-12,61.268002,61.689999,59.264,59.368,59.368,30253500,2,61.742001
104,2017-04-13,59.34,61.478001,59.060001,60.799999,60.799999,46423000,3,59.368
105,2017-04-17,60.540001000000004,60.799999,59.736,60.287997999999995,60.287997999999995,20693500,0,60.799999
106,2017-04-18,59.939999,60.167999,59.580002,60.049999,60.049999,15178500,1,60.287997999999995
107,2017-04-19,60.492001,61.324001,60.422001,61.104,61.104,19490000,2,60.049999
108,2017-04-20,61.301998,61.830002,60.046001000000004,60.501999,60.501999,30747000,3,61.104
109,2017-04-21,60.400002,61.279999,60.084,61.119999,61.119999,22549000,4,60.501999
110,2017-04-24,61.844002,62.110001000000004,61.203998999999996,61.605999,61.605999,25417500,0,61.119999
111,2017-04-25,61.599998,62.796001000000004,61.172001,62.757999,62.757999,33688500,1,61.605999
112,2017-04-26,62.473999,62.900002,61.799999,62.034,62.034,23475000,2,62.757999
113,2017-04-27,62.338001,62.618,61.5,61.726002,61.726002,17343000,3,62.034
114,2017-04-28,61.966,62.959998999999996,61.599998,62.813999,62.813999,22527500,4,61.726002
115,2017-05-01,62.976002,65.449997,62.962002000000005,64.566002,64.566002,44148000,0,62.813999
116,2017-05-02,64.800003,65.531998,63.312,63.778,63.778,26914000,1,64.566002
117,2017-05-03,63.534,64.306,62.09,62.203998999999996,62.203998999999996,35667000,2,63.778
118,2017-05-04,61.487999,61.554001,58.152,59.091999,59.091999,70760000,3,62.203998999999996
119,2017-05-05,59.599998,61.709998999999996,59.360001000000004,61.669998,61.669998,40886500,4,59.091999
120,2017-05-08,62.18,62.757999,61.164001,61.438,61.438,35032500,0,61.669998
121,2017-05-09,61.875999,64.398003,61.82,64.251999,64.251999,48382500,1,61.438
122,2017-05-10,64.311996,65.099998,63.624001,65.043999,65.043999,28708000,2,64.251999
123,2017-05-11,64.68,65.199997,63.919998,64.620003,64.620003,23769000,3,65.043999
124,2017-05-12,65.096001,65.400002,64.306,64.961998,64.961998,20608000,4,64.620003
125,2017-05-15,63.675999,64.040001,62.506001,63.175999,63.175999,38110000,0,64.961998
126,2017-05-16,63.518002,64.012001,63.028,63.402,63.402,20762500,1,63.175999
127,2017-05-17,62.877998,62.925999,61.099998,61.222,61.222,33559500,2,63.402
128,2017-05-18,61.400002,62.787997999999995,61.062,62.612,62.612,28269000,3,61.222
129,2017-05-19,63.099998,63.299999,62.040001000000004,62.166,62.166,23438000,4,62.612
130,2017-05-22,62.560001,62.874001,61.360001000000004,62.07,62.07,21646000,0,62.166
131,2017-05-23,62.091999,62.146,60.695999,60.771999,60.771999,21592000,1,62.07
132,2017-05-24,61.301998,62.200001,61.080002,62.043999,62.043999,25166500,2,60.771999
133,2017-05-25,62.203998999999996,63.394001,61.562,63.366001000000004,63.366001000000004,25070000,3,62.043999
134,2017-05-26,63.456001,65.098,63.262001,65.028,65.028,39011000,4,63.366001000000004
135,2017-05-30,65.199997,67.255997,65.152,67.019997,67.019997,38914500,1,65.028
136,2017-05-31,67.538002,68.57800300000001,67.031998,68.202003,68.202003,49817000,2,67.019997
137,2017-06-01,68.800003,68.975998,67.458,68.07399699999999,68.07399699999999,38040000,3,68.202003
138,2017-06-02,67.954002,68.57599599999999,67.185997,67.970001,67.970001,27951000,4,68.07399699999999
139,2017-06-05,67.699997,69.688004,66.842003,69.46399699999999,69.46399699999999,33922000,0,67.970001
140,2017-06-06,68.940002,71.898003,67.994003,70.57,70.57,55434000,1,69.46399699999999
141,2017-06-07,71.26799799999999,72.099998,71.028,71.93,71.93,46990000,2,70.57
142,2017-06-08,72.75,74.379997,72.043999,74.0,74.0,45307500,3,71.93
143,2017-06-09,74.884003,75.374001,70.959999,71.46399699999999,71.46399699999999,86307000,4,74.0
144,2017-06-12,71.598,72.900002,70.124001,71.802002,71.802002,52588500,0,71.46399699999999
145,2017-06-13,73.524002,75.199997,73.321999,75.190002,75.190002,59039500,1,71.802002
146,2017-06-14,76.218002,76.849998,75.262001,76.13200400000001,76.13200400000001,64092000,2,75.190002
147,2017-06-15,74.5,75.092003,73.297997,75.068001,75.068001,52132500,3,76.13200400000001
148,2017-06-16,75.596001,75.601997,74.019997,74.279999,74.279999,33655000,4,75.068001
149,2017-06-19,75.0,75.339996,73.559998,73.959999,73.959999,32746500,0,74.279999
150,2017-06-20,75.334,75.77600100000001,73.945999,74.447998,74.447998,37193500,1,73.959999
151,2017-06-21,74.870003,75.398003,73.603996,75.279999,75.279999,24616000,2,74.447998
152,2017-06-22,75.598,77.0,74.71399699999999,76.522003,76.522003,37649000,3,75.279999
153,2017-06-23,76.489998,77.398003,75.870003,76.690002,76.690002,32229000,4,76.522003
154,2017-06-26,77.337997,77.389999,74.620003,75.498001,75.498001,33020500,0,76.690002
155,2017-06-27,75.279999,75.279999,72.403999,72.47399899999999,72.47399899999999,34982000,1,75.498001
156,2017-06-28,73.335999,74.348,72.503998,74.248001,74.248001,31512500,2,72.47399899999999
157,2017-06-29,74.122002,74.199997,70.82,72.150002,72.150002,41105000,3,74.248001
158,2017-06-30,72.741997,73.353996,71.92400400000001,72.321999,72.321999,29242500,4,72.150002
159,2017-07-03,74.047997,74.269997,70.300003,70.524002,70.524002,31527000,0,72.321999
160,2017-07-05,69.440002,69.447998,65.265999,65.417999,65.417999,85233500,2,70.524002
161,2017-07-06,63.452,64.157997,61.259997999999996,61.765999,61.765999,96622500,3,65.417999
162,2017-07-07,62.700001,63.400002,61.476002,62.644001,62.644001,70884500,4,61.765999
163,2017-07-10,62.580002,63.588001,60.625999,63.209998999999996,63.209998999999996,69104500,0,62.644001
164,2017-07-11,63.200001,65.456001,62.860001000000004,65.444,65.444,57797000,1,63.209998999999996
165,2017-07-12,66.08000200000001,66.620003,64.900002,65.903999,65.903999,51730500,2,65.444
166,2017-07-13,66.022003,66.32,63.993999,64.681999,64.681999,42972500,3,65.903999
167,2017-07-14,64.638,65.683998,64.244003,65.556,65.556,28126000,4,64.681999
168,2017-07-17,65.108002,65.41999799999999,62.689999,63.914001,63.914001,49384500,0,65.556
169,2017-07-18,63.5,65.82599599999999,63.132,65.648003,65.648003,31868500,1,63.914001
170,2017-07-19,65.646004,66.33000200000001,64.643997,65.052002,65.052002,31785000,2,65.648003
171,2017-07-20,65.379997,66.043999,64.839996,65.984001,65.984001,25831000,3,65.052002
172,2017-07-21,65.891998,66.251999,65.160004,65.68,65.68,24508000,4,65.984001
173,2017-07-24,66.047997,68.68,66.001999,68.503998,68.503998,43185500,0,65.68
174,2017-07-25,69.0,69.120003,66.83000200000001,67.91999799999999,67.91999799999999,34946000,1,68.503998
175,2017-07-26,68.071999,69.099998,67.624001,68.769997,68.769997,24104000,2,67.91999799999999
176,2017-07-27,69.199997,69.5,65.258003,66.891998,66.891998,41512000,3,68.769997
177,2017-07-28,67.377998,67.91999799999999,66.501999,67.014,67.014,24402000,4,66.891998
178,2017-07-31,67.099998,68.297997,64.208,64.694,64.694,42675500,0,67.014
179,2017-08-01,64.599998,64.889999,63.226002,63.914001,63.914001,41515500,1,64.694
180,2017-08-02,63.787997999999995,65.42400400000001,62.243999,65.178001,65.178001,65457500,2,63.914001
181,2017-08-03,69.066002,70.0,68.629997,69.417999,69.417999,67675000,3,65.178001
182,2017-08-04,69.400002,71.454002,68.660004,71.38200400000001,71.38200400000001,46344500,4,69.417999
183,2017-08-07,71.470001,71.896004,70.550003,71.033997,71.033997,31622500,0,71.38200400000001
184,2017-08-08,71.505997,73.716003,71.480003,73.043999,73.043999,37249000,1,71.033997
185,2017-08-09,72.199997,74.0,71.790001,72.706001,72.706001,34460500,2,73.043999
186,2017-08-10,72.32,73.33000200000001,70.931999,71.08000200000001,71.08000200000001,35464500,3,72.706001
187,2017-08-11,71.393997,72.251999,70.72399899999999,71.57399699999999,71.57399699999999,21829000,4,71.08000200000001
188,2017-08-14,72.92600300000001,73.531998,72.519997,72.760002,72.760002,22596000,0,71.57399699999999
189,2017-08-15,73.040001,73.098,71.874001,72.466003,72.466003,15425500,1,72.760002
190,2017-08-16,72.599998,73.300003,72.503998,72.582001,72.582001,17069000,2,72.466003
191,2017-08-17,72.241997,72.660004,70.318001,70.384003,70.384003,25138500,3,72.582001
192,2017-08-18,70.582001,70.800003,69.160004,69.491997,69.491997,27041000,4,70.384003
193,2017-08-21,69.164001,69.164001,66.370003,67.571999,67.571999,32477000,0,69.491997
194,2017-08-22,68.225998,68.447998,67.47399899999999,68.269997,68.269997,21610000,1,67.571999
195,2017-08-23,67.797997,70.697998,67.660004,70.554001,70.554001,24772500,2,68.269997
196,2017-08-24,70.503998,71.332001,69.947998,70.585999,70.585999,22923500,3,70.554001
197,2017-08-25,70.848,71.138,69.459999,69.610001,69.610001,17420000,4,70.585999
198,2017-08-28,69.456001,69.470001,67.944,69.13200400000001,69.13200400000001,18820000,0,69.610001
199,2017-08-29,67.896004,69.809998,67.75,69.472,69.472,20368500,1,69.13200400000001
200,2017-08-30,69.933998,70.694,69.400002,70.636002,70.636002,17064500,2,69.472
201,2017-08-31,70.709999,71.688004,70.564003,71.18,71.18,20364000,3,70.636002
202,2017-09-01,71.22399899999999,71.51799799999999,70.737999,71.08000200000001,71.08000200000001,15247500,4,71.18
203,2017-09-05,70.760002,71.098,69.178001,69.917999,69.917999,19175500,1,71.08000200000001
204,2017-09-06,69.900002,70.195999,68.311996,68.905998,68.905998,20457000,2,69.917999
205,2017-09-07,69.195999,70.496002,68.690002,70.122002,70.122002,21196000,3,68.905998
206,2017-09-08,69.797997,69.956001,68.459999,68.68,68.68,16317500,4,70.122002
207,2017-09-11,70.269997,72.741997,70.0,72.737999,72.737999,38335500,0,68.68
208,2017-09-12,72.898003,73.751999,72.08000200000001,72.550003,72.550003,29864500,1,72.737999
209,2017-09-13,72.764,73.613998,71.917999,73.246002,73.246002,20926000,2,72.550003
210,2017-09-14,72.865997,75.592003,72.52600100000001,75.528,75.528,36012500,3,73.246002
211,2017-09-15,74.902,76.0,74.540001,75.961998,75.961998,27102500,4,75.528
212,2017-09-18,76.050003,77.92199699999999,75.53600300000001,77.0,77.0,35940000,0,75.961998
213,2017-09-19,76.0,76.477997,74.71399699999999,75.019997,75.019997,32259500,1,77.0
214,2017-09-20,74.599998,75.650002,74.21399699999999,74.781998,74.781998,24595500,2,75.019997
215,2017-09-21,74.980003,75.365997,72.902,73.295998,73.295998,23091000,3,74.781998
216,2017-09-22,73.297997,73.980003,70.17600300000001,70.218002,70.218002,40797000,4,73.295998
217,2017-09-25,70.629997,71.494003,68.57599599999999,68.998001,68.998001,38029500,0,70.218002
218,2017-09-26,70.185997,70.248001,68.18,69.050003,69.050003,35781500,1,68.998001
219,2017-09-27,69.980003,70.297997,68.099998,68.194,68.194,30301500,2,69.050003
220,2017-09-28,67.975998,68.550003,67.08000200000001,67.91999799999999,67.91999799999999,26598000,3,68.194
221,2017-09-29,68.372002,68.935997,67.720001,68.220001,68.220001,25535500,4,67.91999799999999
222,2017-10-02,68.503998,68.739998,67.101997,68.306,68.306,26434000,0,68.220001
223,2017-10-03,67.18,69.709999,66.255997,69.627998,69.627998,50768000,1,68.306
224,2017-10-04,70.25,71.72399899999999,69.91999799999999,71.001999,71.001999,40817500,2,69.627998
225,2017-10-05,71.199997,71.487999,70.269997,71.066002,71.066002,20858500,3,71.001999
226,2017-10-06,70.620003,72.019997,70.449997,71.375999,71.375999,21487500,4,71.066002
227,2017-10-09,69.93,70.349998,68.533997,68.587997,68.587997,37468500,0,71.375999
228,2017-10-10,69.360001,71.125999,69.106003,71.11799599999999,71.11799599999999,34892500,1,68.587997
229,2017-10-11,70.778,71.519997,70.230003,70.91999799999999,70.91999799999999,22504000,2,71.11799599999999
230,2017-10-12,70.589996,71.956001,70.528,71.136002,71.136002,20435000,3,70.91999799999999
231,2017-10-13,71.396004,71.697998,70.736,71.113998,71.113998,17702500,4,71.136002
232,2017-10-16,70.751999,70.896004,69.431999,70.120003,70.120003,26877500,0,71.113998
233,2017-10-17,70.181999,71.244003,70.014,71.150002,71.150002,16466500,1,70.120003
234,2017-10-18,71.194,72.599998,70.82599599999999,71.93,71.93,24695500,2,71.150002
235,2017-10-19,71.112,71.43,69.639999,70.362,70.362,25309000,3,71.93
236,2017-10-20,70.538002,70.910004,68.86799599999999,69.019997,69.019997,24652000,4,70.362
237,2017-10-23,69.975998,69.989998,67.25,67.403999,67.403999,28736500,0,69.019997
238,2017-10-24,67.760002,68.559998,67.23200200000001,67.468002,67.468002,22458500,1,67.403999
239,2017-10-25,67.339996,67.5,64.711998,65.167999,65.167999,42970500,2,67.468002
240,2017-10-26,65.556,66.045998,64.639999,65.234001,65.234001,25117500,3,65.167999
241,2017-10-27,63.950001,64.917999,63.332001,64.17400400000001,64.17400400000001,34898500,4,65.234001
242,2017-10-30,63.835999,64.755997,63.450001,64.015999,64.015999,21272000,0,64.17400400000001
243,2017-10-31,64.045998,66.389999,64.03600300000001,66.306,66.306,28361500,1,64.015999
244,2017-11-01,66.449997,66.522003,64.052002,64.216003,64.216003,42286500,2,66.306
245,2017-11-02,60.026001,61.737999,58.526001,59.852001,59.852001,98957000,3,64.216003
246,2017-11-03,59.900002,61.25,59.026001,61.217999,61.217999,44470000,4,59.852001
247,2017-11-06,61.400002,61.5,59.801998,60.556,60.556,32430000,0,61.217999
248,2017-11-07,60.203998999999996,61.299999,60.006001,61.209998999999996,61.209998999999996,26471500,1,60.556
249,2017-11-08,61.099998,61.377998,60.259997999999996,60.877998,60.877998,23626500,2,61.209998999999996
250,2017-11-09,60.5,60.891998,59.259997999999996,60.598,60.598,27235500,3,60.877998
251,2017-11-10,60.5,61.672001,60.369999,60.598,60.598,23127000,4,60.598
252,2017-11-13,60.026001,63.360001000000004,59.821999,63.080002,63.080002,37924500,0,60.598
253,2017-11-14,63.0,63.27,61.380001,61.740002000000004,61.740002000000004,28380500,1,63.080002
254,2017-11-15,61.202,62.498001,60.299999,62.259997999999996,62.259997999999996,29893500,2,61.740002000000004
255,2017-11-16,62.798,63.627998,62.259997999999996,62.5,62.5,29110500,3,62.259997999999996
256,2017-11-17,65.134003,65.334,62.630001,63.009997999999996,63.009997999999996,68675500,4,62.5
257,2017-11-20,62.757999,63.099998,60.950001,61.748001,61.748001,41238500,0,63.009997999999996
258,2017-11-21,62.172001,63.646,61.742001,63.562,63.562,36306500,1,61.748001
259,2017-11-22,63.354,63.484001,62.368,62.52,62.52,24588000,2,63.562
260,2017-11-24,62.757999,63.282001,62.200001,63.110001000000004,63.110001000000004,16220500,4,62.52
261,2017-11-27,62.650002,63.467999,61.902,63.362,63.362,22779500,0,63.110001000000004
262,2017-11-28,63.271999,64.0,62.784,63.509997999999996,63.509997999999996,24747500,1,63.362
263,2017-11-29,63.459998999999996,63.599998,60.245998,61.507999,61.507999,43837000,2,63.509997999999996
264,2017-11-30,61.712002000000005,62.139998999999996,60.908001,61.77,61.77,21758000,3,61.507999
265,2017-12-01,61.088001,62.063999,61.009997999999996,61.306,61.306,21464500,4,61.77
266,2017-12-04,61.299999,61.653999,60.122002,61.040001000000004,61.040001000000004,29175500,0,61.306
267,2017-12-05,60.400002,61.599998,60.200001,60.740002000000004,60.740002000000004,23232500,1,61.040001000000004
268,2017-12-06,60.02,62.678001,60.0,62.652,62.652,35976500,2,60.740002000000004
269,2017-12-07,62.400002,63.726002,62.209998999999996,62.248001,62.248001,23903000,3,62.652
270,2017-12-08,62.919998,63.396,62.251999,63.026001,63.026001,17342500,4,62.248001
271,2017-12-11,62.925999,65.802002,62.75,65.781998,65.781998,39690000,0,63.026001
272,2017-12-12,66.089996,68.288002,66.005997,68.206001,68.206001,43666000,1,65.781998
273,2017-12-13,68.185997,68.844002,67.300003,67.806,67.806,31107500,2,68.206001
274,2017-12-14,68.202003,69.487999,67.379997,67.57800300000001,67.57800300000001,28999500,3,67.806
275,2017-12-15,68.407997,68.779999,67.152,68.690002,68.690002,34666000,4,67.57800300000001
276,2017-12-18,68.980003,69.346001,67.515999,67.774002,67.774002,27381000,0,68.690002
277,2017-12-19,68.052002,68.297997,66.059998,66.220001,66.220001,34125000,1,67.774002
278,2017-12-20,66.538002,66.620003,65.008003,65.795998,65.795998,29769000,2,66.220001
279,2017-12-21,65.917999,66.748001,65.442001,66.332001,66.332001,21926000,3,65.795998
280,2017-12-22,65.902,66.183998,64.96399699999999,65.040001,65.040001,21079000,4,66.332001
281,2017-12-26,64.765999,64.788002,63.316002000000005,63.458,63.458,21892000,1,65.040001
282,2017-12-27,63.200001,63.535999,62.150002,62.327999,62.327999,23560500,2,63.458
283,2017-12-28,62.349998,63.164001,61.908001,63.071999,63.071999,21581500,3,62.327999
284,2017-12-29,63.236,63.282001,62.0,62.27,62.27,18886000,4,63.071999
285,2018-01-02,62.400002,64.42199699999999,62.200001,64.106003,64.106003,21761000,1,62.27
286,2018-01-03,64.199997,65.050003,63.110001000000004,63.450001,63.450001,22607500,2,64.106003
287,2018-01-04,62.574001,63.709998999999996,61.136002000000005,62.924,62.924,49731500,3,63.450001
288,2018-01-05,63.324001,63.448002,62.400002,63.316002000000005,63.316002000000005,22956000,4,62.924
289,2018-01-08,63.200001,67.403999,63.099998,67.281998,67.281998,49297000,0,63.316002000000005
290,2018-01-09,67.031998,67.760002,65.480003,66.737999,66.737999,35733000,1,67.281998
291,2018-01-10,66.440002,67.400002,66.0,66.959999,66.959999,21549500,2,66.737999
292,2018-01-11,67.047997,68.961998,66.652,67.589996,67.589996,33227500,3,66.959999
293,2018-01-12,67.725998,68.082001,66.734001,67.244003,67.244003,24125500,4,67.589996
294,2018-01-16,67.508003,69.0,66.959999,68.012001,68.012001,32371500,1,67.244003
295,2018-01-17,68.094002,69.800003,67.949997,69.431999,69.431999,35517500,2,68.012001
296,2018-01-18,69.134003,70.459999,68.748001,68.914001,68.914001,28429000,3,69.431999
297,2018-01-19,69.0,70.11799599999999,68.519997,70.003998,70.003998,24441500,4,68.914001
298,2018-01-22,69.879997,71.566002,69.839996,70.311996,70.311996,31052000,0,70.003998
299,2018-01-23,72.0,72.099998,70.199997,70.557999,70.557999,27327000,1,70.311996
300,2018-01-24,70.916,70.949997,68.704002,69.178001,69.178001,26437500,2,70.557999
301,2018-01-25,69.653999,69.839996,67.279999,67.528,67.528,33701500,3,69.178001
302,2018-01-26,68.300003,68.800003,67.141998,68.57,68.57,22697000,4,67.528
303,2018-01-29,67.970001,70.16999799999999,67.655998,69.905998,69.905998,23735500,0,68.57
304,2018-01-30,69.028,69.653999,68.433998,69.164001,69.164001,23588500,1,69.905998
305,2018-01-31,69.501999,71.237999,69.038002,70.862,70.862,31070500,2,69.164001
306,2018-02-01,70.199997,71.931999,69.725998,69.849998,69.849998,20988500,3,70.862
307,2018-02-02,69.688004,70.389999,68.101997,68.75,68.75,18524000,4,69.849998
308,2018-02-05,67.594002,68.893997,66.599998,66.625999,66.625999,22320500,0,68.75
309,2018-02-06,65.042,67.244003,64.699997,66.793999,66.793999,25442000,1,66.625999
310,2018-02-07,67.797997,69.199997,67.13200400000001,69.0,69.0,34846000,2,66.793999
311,2018-02-08,68.662003,69.72399899999999,62.919998,63.046001000000004,63.046001000000004,51573000,3,69.0
312,2018-02-09,63.986,64.195999,58.952,62.084,62.084,64668500,4,63.046001000000004
313,2018-02-12,63.226002,63.616001000000004,61.25,63.146,63.146,31139000,0,62.084
314,2018-02-13,63.004002,64.837997,62.501999,64.73200200000001,64.73200200000001,22801000,1,63.146
315,2018-02-14,64.167999,65.234001,63.703998999999996,64.461998,64.461998,19753500,2,64.73200200000001
316,2018-02-15,64.900002,66.82399699999999,64.480003,66.814003,66.814003,29564500,3,64.461998
317,2018-02-16,66.5,68.624001,66.32800300000001,67.098,67.098,28213000,4,66.814003
318,2018-02-20,66.893997,68.167999,66.300003,66.954002,66.954002,20047000,1,67.098
319,2018-02-21,67.206001,67.938004,66.634003,66.660004,66.660004,16098000,2,66.954002
320,2018-02-22,67.106003,69.487999,66.949997,69.234001,69.234001,34849000,3,66.660004
321,2018-02-23,69.566002,70.998001,69.41999799999999,70.410004,70.410004,29087000,4,69.234001
322,2018-02-26,70.699997,71.800003,70.472,71.484001,71.484001,21700000,0,70.410004
323,2018-02-27,71.25,71.998001,70.001999,70.197998,70.197998,23987000,1,71.484001
324,2018-02-28,70.514,71.047997,68.444,68.612,68.612,30348500,2,70.197998
325,2018-03-01,69.001999,69.734001,66.014,66.185997,66.185997,34428000,3,68.612
326,2018-03-02,65.396004,67.043999,64.594002,67.024002,67.024002,25464000,4,66.185997
327,2018-03-05,66.477997,67.550003,65.858002,66.66999799999999,66.66999799999999,19119000,0,67.024002
328,2018-03-06,66.75,67.274002,65.405998,65.639999,65.639999,21428500,1,66.66999799999999
329,2018-03-07,65.087997,66.5,64.348,66.459999,66.459999,25036500,2,65.639999
330,2018-03-08,66.571999,66.660004,65.253998,65.82,65.82,17831000,3,66.459999
331,2018-03-09,64.82,65.697998,64.47399899999999,65.433998,65.433998,27534000,4,65.82
332,2018-03-12,65.722,69.442001,65.300003,69.101997,69.101997,41320000,0,65.433998
333,2018-03-13,65.722,69.442001,65.300003,68.36799599999999,68.36799599999999,29829000,1,69.101997
334,2018-03-14,67.351997,67.961998,64.78600300000001,65.32599599999999,65.32599599999999,39837000,2,68.36799599999999
335,2018-03-15,65.875999,66.57,64.220001,65.120003,65.120003,32824000,3,65.32599599999999
336,2018-03-16,64.585999,65.480003,63.813999,64.269997,64.269997,30586500,4,65.120003
337,2018-03-19,63.299999,64.150002,61.933997999999995,62.712002000000005,62.712002000000005,37421500,0,64.269997
338,2018-03-20,62.973999,63.25,61.751999,62.110001000000004,62.110001000000004,23821500,1,62.712002000000005
339,2018-03-21,62.049999,64.487999,62.037997999999995,63.306,63.306,29792000,2,62.110001000000004
340,2018-03-22,62.778,63.764,61.636002000000005,61.82,61.82,24699000,3,63.306
341,2018-03-23,62.25,62.25,60.09,60.307999,60.307999,33274500,4,61.82
342,2018-03-26,61.467999,61.518002,58.271999,60.835999,60.835999,41876000,0,60.307999
343,2018-03-27,60.799999,60.854,55.436001,55.835999,55.835999,69360000,1,60.835999
344,2018-03-28,52.916,53.736,50.419998,51.556,51.556,105007000,2,55.835999
345,2018-03-29,51.298,54.192001,49.641998,53.226002,53.226002,75853500,3,51.556
346,2018-04-02,51.251999,52.066002000000005,48.917999,50.495998,50.495998,80570000,0,53.226002
347,2018-04-03,53.964001,54.669998,50.897999,53.506001,53.506001,94222000,1,50.495998
348,2018-04-04,50.556,57.674,50.400002,57.388,57.388,99483500,2,53.506001
349,2018-04-05,57.868,61.251999,57.639998999999996,61.144001,61.144001,95605500,3,57.388
350,2018-04-06,60.200001,61.855999,59.099998,59.860001000000004,59.860001000000004,67601500,4,61.144001
351,2018-04-09,60.074001,61.900002,57.841999,57.931999,57.931999,51249000,0,59.860001000000004
352,2018-04-10,59.793999,61.419998,58.736,60.939999,60.939999,54949000,1,57.931999
353,2018-04-11,60.147999,61.796001000000004,59.931999,60.186001,60.186001,37414500,2,60.939999
354,2018-04-12,60.464001,60.790001000000004,58.736,58.816002000000005,58.816002000000005,38044000,3,60.186001
355,2018-04-13,60.720001,60.790001000000004,59.195999,60.068001,60.068001,36636000,4,58.816002000000005
356,2018-04-16,59.799999,59.931999,57.801998,58.242001,58.242001,31692500,0,60.068001
357,2018-04-17,57.773998,58.433997999999995,56.501999,57.537997999999995,57.537997999999995,35000000,1,58.242001
358,2018-04-18,58.216,60.048,57.632,58.669998,58.669998,32788500,2,57.537997999999995
359,2018-04-19,58.216,60.202,57.709998999999996,60.015999,60.015999,30453000,3,58.669998
360,2018-04-20,59.034,59.995998,57.950001,58.048,58.048,28139500,4,60.015999
361,2018-04-23,58.257999,58.324001,56.466,56.674,56.674,24467000,0,58.048
362,2018-04-24,57.0,57.417999,55.692001,56.692001,56.692001,28426500,1,56.674
363,2018-04-25,56.700001,57.032001,55.450001,56.138,56.138,20068000,2,56.692001
364,2018-04-26,55.75,57.158001,55.299999,57.096001,57.096001,21780000,3,56.138
365,2018-04-27,57.074001,58.894001,56.765999,58.816002000000005,58.816002000000005,21823000,4,57.096001
366,2018-04-30,58.722,59.745998,58.5,58.779999,58.779999,21141000,0,58.816002000000005
367,2018-05-01,58.702,60.164001,58.644001,59.984001,59.984001,23128000,1,58.779999
368,2018-05-02,59.714001,61.369999,59.556,60.23,60.23,44852000,2,59.984001
369,2018-05-03,55.757999,57.608002,55.046001000000004,56.889998999999996,56.889998999999996,86760500,3,60.23
370,2018-05-04,56.599998,59.372002,55.903999,58.818001,58.818001,42847000,4,56.889998999999996
371,2018-05-07,59.5,61.192001,59.034,60.554001,60.554001,43391000,0,58.818001
372,2018-05-08,60.16,61.549999,59.799999,60.394001,60.394001,29650000,1,60.554001
373,2018-05-09,60.082001,61.402,60.009997999999996,61.369999,61.369999,28637000,2,60.394001
374,2018-05-10,61.5,62.598,60.821999,61.004002,61.004002,28258000,3,61.369999
375,2018-05-11,61.540001000000004,61.776001,59.816002000000005,60.212002000000005,60.212002000000005,23398000,4,61.004002
376,2018-05-14,60.664001,60.987999,58.324001,58.394001,58.394001,36434000,0,60.212002000000005
377,2018-05-15,57.001999,57.391998,56.099998,56.835999,56.835999,47596000,1,58.394001
378,2018-05-16,56.765999,57.762001,56.312,57.296001000000004,57.296001000000004,28370000,2,56.835999
379,2018-05-17,57.18,57.838001,56.793999,56.908001,56.908001,22103000,3,57.296001000000004
380,2018-05-18,56.93,56.93,54.799999,55.363997999999995,55.363997999999995,36259500,4,56.908001
381,2018-05-21,56.265999,58.298,56.259997999999996,56.897999,56.897999,45913000,0,55.363997999999995
382,2018-05-22,57.551998,57.599998,54.683997999999995,55.001999,55.001999,44729000,1,56.897999
383,2018-05-23,55.551998,55.981998,54.799999,55.813999,55.813999,29925500,2,55.001999
384,2018-05-24,55.68,56.222,54.978001,55.57,55.57,20883500,3,55.813999
385,2018-05-25,55.526001,55.928001,55.122002,55.77,55.77,19375500,4,55.57
386,2018-05-29,55.702,57.299999,55.23,56.751999,56.751999,28333000,1,55.77
387,2018-05-30,56.658001,59.001999,56.32,58.344002,58.344002,37448500,2,56.751999
388,2018-05-31,57.442001,58.074001,56.585999,56.945999,56.945999,29598500,3,58.344002
389,2018-06-01,57.172001,58.389998999999996,56.768002,58.363997999999995,58.363997999999995,27122000,4,56.945999
390,2018-06-04,58.868,59.799999,58.709998999999996,59.348,59.348,23989000,0,58.363997999999995
391,2018-06-05,59.540001000000004,59.560001,57.348,58.226002,58.226002,29976000,1,59.348
392,2018-06-06,60.099998,64.433998,59.495998,63.900002,63.900002,93836500,2,58.226002
393,2018-06-07,63.23,66.0,62.716,63.217999,63.217999,71726500,3,63.900002
394,2018-06-08,63.799999,64.896004,63.43,63.532001,63.532001,41026000,4,63.217999
395,2018-06-11,64.501999,66.931999,64.5,66.41999799999999,66.41999799999999,65917500,0,63.532001
396,2018-06-12,68.940002,70.994003,67.599998,68.554001,68.554001,111737000,1,66.41999799999999
397,2018-06-13,69.342003,69.440002,67.959999,68.956001,68.956001,47349000,2,68.554001
398,2018-06-14,69.52600100000001,71.75,69.32,71.543999,71.543999,54905000,3,68.956001
399,2018-06-15,70.76799799999999,72.933998,70.25,71.634003,71.634003,54241500,4,71.543999
400,2018-06-18,71.08000200000001,74.746002,70.900002,74.166,74.166,60366000,0,71.634003
401,2018-06-19,73.031998,74.0,69.25,70.510002,70.510002,63809500,1,74.166
402,2018-06-20,71.608002,72.875999,70.400002,72.444,72.444,41918500,2,70.510002
403,2018-06-21,72.400002,73.241997,69.253998,69.501999,69.501999,39835500,3,72.444
404,2018-06-22,70.307999,70.449997,66.400002,66.725998,66.725998,51330500,4,69.501999
405,2018-06-25,66.024002,67.694,65.5,66.601997,66.601997,34656500,0,66.725998
406,2018-06-26,67.209999,68.709999,65.160004,68.400002,68.400002,37262500,1,66.601997
407,2018-06-27,69.0,70.157997,67.900002,68.900002,68.900002,41668500,2,68.400002
408,2018-06-28,69.73200200000001,71.403999,69.222,69.986,69.986,41990000,3,68.900002
409,2018-06-29,70.666,70.772003,68.48200200000001,68.589996,68.589996,32462000,4,69.986
410,2018-07-02,72.014,72.956001,65.970001,67.014,67.014,93799000,0,68.589996
411,2018-07-03,66.349998,66.498001,61.938,62.172001,62.172001,61413000,1,67.014
412,2018-07-05,62.751999,62.877998,59.243999,61.832001,61.832001,87382000,3,62.172001
413,2018-07-06,60.990002000000004,62.414001,60.400002,61.779999,61.779999,44327500,4,61.832001
414,2018-07-09,62.397999,63.703998999999996,61.599998,63.702,63.702,37984000,0,61.779999
415,2018-07-10,64.912003,65.53600300000001,63.84,64.494003,64.494003,47357500,1,63.702
416,2018-07-11,63.16,64.388,63.014,63.792,63.792,24420500,2,64.494003
417,2018-07-12,64.28600300000001,64.646004,62.554001,63.341999,63.341999,28606000,3,63.792
418,2018-07-13,63.116001000000004,63.916,61.849998,63.773998,63.773998,29349000,4,63.341999
419,2018-07-16,62.341999,63.032001,61.25,62.02,62.02,39093500,0,63.773998
420,2018-07-17,61.762001,64.947998,61.700001,64.538002,64.538002,34981000,1,62.02
421,2018-07-18,65.0,65.099998,63.25,64.769997,64.769997,28121000,2,64.538002
422,2018-07-19,63.265999,64.708,62.801998,64.045998,64.045998,29576500,3,64.769997
423,2018-07-20,64.246002,64.648003,62.341999,62.716,62.716,25811000,4,64.045998
424,2018-07-23,60.368,61.099998,58.571999,60.639998999999996,60.639998999999996,54964500,0,62.716
425,2018-07-24,60.883998999999996,61.543999,58.509997999999996,59.486,59.486,47954000,1,60.639998999999996
426,2018-07-25,59.348,61.924,58.900002,61.748001,61.748001,35377000,2,59.486
427,2018-07-26,60.970001,62.139998999999996,60.728001,61.330002,61.330002,23152500,3,61.748001
428,2018-07-27,61.450001,61.537997999999995,59.068001,59.436001,59.436001,28516500,4,61.330002
429,2018-07-30,59.18,59.220001,57.226002,58.034,58.034,34070500,0,59.436001
430,2018-07-31,58.450001,59.664001,57.813999,59.627998,59.627998,25384500,1,58.034
431,2018-08-01,59.598,60.599998,58.599998,60.167999,60.167999,50647000,2,59.627998
432,2018-08-02,65.688004,69.998001,64.63200400000001,69.907997,69.907997,116075000,3,60.167999
433,2018-08-03,69.561996,71.0,68.505997,69.634003,69.634003,68282500,4,69.907997
434,2018-08-06,69.092003,70.996002,68.363998,68.398003,68.398003,42821500,0,69.634003
435,2018-08-07,68.76799799999999,77.491997,67.83000200000001,75.914001,75.914001,154379000,1,68.398003
436,2018-08-08,73.818001,76.528,73.42400400000001,74.068001,74.068001,122856000,2,75.914001
437,2018-08-09,73.110001,73.402,69.146004,70.489998,70.489998,85919000,3,74.068001
438,2018-08-10,70.800003,72.0,69.199997,71.098,71.098,57760000,4,70.489998
439,2018-08-13,72.225998,72.638,69.804001,71.281998,71.281998,52319500,0,71.098
440,2018-08-14,71.690002,71.839996,69.41999799999999,69.528,69.528,34932000,1,71.281998
441,2018-08-15,68.38200400000001,68.898003,66.428001,67.737999,67.737999,45506500,2,69.528
442,2018-08-16,67.98200200000001,68.456001,66.764,67.089996,67.089996,30320000,3,67.737999
443,2018-08-17,64.699997,65.353996,60.706001,61.099998,61.099998,94793000,4,67.089996
444,2018-08-20,58.34,61.700001,57.639998999999996,61.688,61.688,87011500,0,61.099998
445,2018-08-21,62.122002,64.958,61.799999,64.379997,64.379997,65861000,1,61.688
446,2018-08-22,64.17400400000001,64.77600100000001,62.933997999999995,64.32800300000001,64.32800300000001,29730000,2,64.379997
447,2018-08-23,63.827999,65.46399699999999,63.619999,64.019997,64.019997,25736500,3,64.32800300000001
448,2018-08-24,64.139999,64.769997,63.880001,64.564003,64.564003,18013000,4,64.019997
449,2018-08-27,63.599998,64.487999,61.762001,63.854,63.854,65396500,0,64.564003
450,2018-08-28,63.681999,63.776001,62.237999,62.372002,62.372002,38245500,1,63.854
451,2018-08-29,62.054001,62.369999,60.737999,61.001999,61.001999,37237000,2,62.372002
452,2018-08-30,60.452,60.919998,59.543999,60.630001,60.630001,36083500,3,61.001999
453,2018-08-31,60.400002,61.062,59.720001,60.332001,60.332001,26875500,4,60.630001
454,2018-09-04,59.388,59.638,57.599998,57.790001000000004,57.790001000000004,41752500,1,60.332001
455,2018-09-05,57.009997999999996,57.355999,55.436001,56.147999,56.147999,38604000,2,57.790001000000004
456,2018-09-06,56.959998999999996,58.234001,55.776001,56.189999,56.189999,37404000,3,56.147999
457,2018-09-07,52.02,53.669998,50.450001,52.647999,52.647999,112459500,4,56.189999
458,2018-09-10,54.652,57.206001,54.200001,57.099998,57.099998,71417500,0,52.647999
459,2018-09-11,55.894001,56.400002,54.709998999999996,55.888,55.888,45850000,1,57.099998
460,2018-09-12,56.287997999999995,58.5,55.73,58.108002,58.108002,50077000,2,55.888
461,2018-09-13,57.604,59.0,57.035999,57.891998,57.891998,31701500,3,58.108002
462,2018-09-14,57.751999,59.466,57.304001,59.040001000000004,59.040001000000004,33828000,4,57.891998
463,2018-09-17,58.007999,60.174,57.625999,58.967999,58.967999,34438000,0,59.040001000000004
464,2018-09-18,59.338001,60.528,55.099998,56.992001,56.992001,82737500,1,58.967999
465,2018-09-19,56.102001,60.0,56.099998,59.804001,59.804001,41474500,2,56.992001
466,2018-09-20,60.712002000000005,61.195999,58.666,59.666,59.666,36747000,3,59.804001
467,2018-09-21,59.540001000000004,60.116001000000004,59.074001,59.82,59.82,25252500,4,59.666
468,2018-09-24,59.695999,60.599998,58.716,59.936001,59.936001,24215000,0,59.82
469,2018-09-25,60.0,60.919998,59.299999,60.198002,60.198002,22408500,1,59.936001
470,2018-09-26,60.382,62.778,60.222,61.916,61.916,39216000,2,60.198002
471,2018-09-27,62.580002,62.992001,61.382,61.504002,61.504002,42545500,3,61.916
472,2018-09-28,54.051998,55.599998,52.112,52.953998999999996,52.953998999999996,168248500,4,61.504002
473,2018-10-01,61.153999,62.287997999999995,60.209998999999996,62.139998999999996,62.139998999999996,108888000,0,52.953998999999996
474,2018-10-02,62.790001000000004,63.368,59.830002,60.203998999999996,60.203998999999996,58717500,1,62.139998999999996
475,2018-10-03,60.666,60.919998,58.313999,58.959998999999996,58.959998999999996,39975000,2,60.203998999999996
476,2018-10-04,58.790001000000004,58.799999,55.534,56.366001000000004,56.366001000000004,49071000,3,58.959998999999996
477,2018-10-05,54.93,54.976002,52.0,52.389998999999996,52.389998999999996,89722500,4,56.366001000000004
478,2018-10-08,52.903999,53.551998,49.799999,50.112,50.112,67363500,0,52.389998999999996
479,2018-10-09,51.049999,53.354,50.66,52.560001,52.560001,60303000,1,50.112
480,2018-10-10,52.922001,53.102001,49.554001,51.375999,51.375999,64076500,2,52.560001
481,2018-10-11,51.506001,52.450001,49.806,50.445999,50.445999,40838500,3,51.375999
482,2018-10-12,52.200001,52.397999,50.402,51.756001,51.756001,36007000,4,50.445999
483,2018-10-15,51.812,52.655998,50.908001,51.917999,51.917999,31000000,0,51.756001
484,2018-10-16,53.139998999999996,55.476002,52.448002,55.318001,55.318001,47632000,1,51.917999
485,2018-10-17,56.48,56.540001000000004,53.16,54.355999,54.355999,43277500,2,55.318001
486,2018-10-18,53.858002,54.200001,52.599998,52.782001,52.782001,27106000,3,54.355999
487,2018-10-19,53.478001,53.931999,50.700001,52.0,52.0,46877500,4,52.782001
488,2018-10-22,52.136002000000005,52.372002,50.518002,52.189999,52.189999,28001500,0,52.0
489,2018-10-23,52.773998,59.585999,52.419998,58.827999,58.827999,95139000,1,52.189999
490,2018-10-24,60.209998999999996,60.888,57.146,57.700001,57.700001,100291500,2,58.827999
491,2018-10-25,63.444,64.199997,60.202,62.972,62.972,104203500,3,57.700001
492,2018-10-26,61.650002,67.980003,61.330002,66.18,66.18,137127500,4,62.972
493,2018-10-29,67.494003,69.431999,65.300003,66.970001,66.970001,72430000,0,66.18
494,2018-10-30,65.678001,67.58000200000001,64.452003,65.980003,65.980003,45633500,1,66.970001
495,2018-10-31,66.508003,68.400002,65.82,67.46399699999999,67.46399699999999,38121500,2,65.980003
496,2018-11-01,67.652,69.568001,66.945999,68.856003,68.856003,40000500,3,67.46399699999999
497,2018-11-02,68.748001,69.839996,68.181999,69.281998,69.281998,39040000,4,68.856003
498,2018-11-05,68.099998,68.792,66.028,68.279999,68.279999,39155000,0,69.281998
499,2018-11-06,67.814003,69.760002,67.218002,68.211998,68.211998,33814500,1,68.279999
500,2018-11-07,68.667999,70.236,68.160004,69.63200400000001,69.63200400000001,36872500,2,68.211998
501,2018-11-08,69.699997,71.515999,69.688004,70.279999,70.279999,35453500,3,69.63200400000001
502,2018-11-09,69.800003,70.800003,69.045998,70.101997,70.101997,25494000,4,70.279999
503,2018-11-12,69.67400400000001,69.956001,66.068001,66.255997,66.255997,34707500,0,70.101997
504,2018-11-13,66.63200400000001,68.940002,66.440002,67.746002,67.746002,27243000,1,66.255997
505,2018-11-14,68.540001,69.42199699999999,67.43,68.800003,68.800003,25201500,2,67.746002
506,2018-11-15,68.466003,69.716003,67.807999,69.688004,69.688004,23128500,3,68.800003
507,2018-11-16,69.038002,71.139999,69.024002,70.862,70.862,36031000,4,69.688004
508,2018-11-19,71.26799799999999,73.349998,70.57599599999999,70.694,70.694,48544500,0,70.862
509,2018-11-20,68.349998,69.959999,66.709999,69.498001,69.498001,40023500,1,70.694
510,2018-11-21,70.400002,70.620003,67.480003,67.638,67.638,23434000,2,69.498001
511,2018-11-23,66.870003,67.5,65.110001,65.166,65.166,21013000,4,67.638
512,2018-11-26,65.0,69.244003,65.0,69.199997,69.199997,39960500,0,65.166
513,2018-11-27,68.010002,69.391998,67.099998,68.783997,68.783997,31791500,1,69.199997
514,2018-11-28,69.197998,69.655998,68.442001,69.57399699999999,69.57399699999999,20638000,2,68.783997
515,2018-11-29,69.400002,69.5,67.910004,68.234001,68.234001,15403500,3,69.57399699999999
516,2018-11-30,68.365997,70.32,67.652,70.096001,70.096001,28145500,4,68.234001
517,2018-12-03,72.0,73.199997,70.400002,71.697998,71.697998,41532500,0,70.096001
518,2018-12-04,71.209999,73.736,70.400002,71.940002,71.940002,42309500,1,71.697998
519,2018-12-06,71.202003,73.475998,70.152,72.612,72.612,39212500,3,71.940002
520,2018-12-07,73.800003,75.898003,71.529999,71.594002,71.594002,57556000,4,72.612
521,2018-12-10,72.0,73.195999,70.624001,73.029999,73.029999,33067500,0,71.594002
522,2018-12-11,73.98200200000001,74.433998,72.045998,73.351997,73.351997,31544000,1,73.029999
523,2018-12-12,73.884003,74.38200400000001,73.031998,73.32,73.32,25135000,2,73.351997
524,2018-12-13,74.029999,75.487999,73.349998,75.358002,75.358002,36829500,3,73.32
525,2018-12-14,75.0,75.57399699999999,72.865997,73.141998,73.141998,31688000,4,75.358002
526,2018-12-17,72.400002,73.139999,68.77600100000001,69.683998,69.683998,38370000,0,73.141998
527,2018-12-18,70.108002,70.309998,66.737999,67.405998,67.405998,35500000,1,69.683998
528,2018-12-19,67.519997,69.402,65.947998,66.594002,66.594002,41371000,2,67.405998
529,2018-12-20,65.410004,66.057999,62.374001,63.076,63.076,45359500,3,66.594002
530,2018-12-21,63.48,64.694,62.487999,63.953998999999996,63.953998999999996,40084000,4,63.076
531,2018-12-24,62.700001,62.900002,59.040001000000004,59.077999,59.077999,27799500,0,63.953998999999996
532,2018-12-26,60.0,65.393997,58.818001,65.218002,65.218002,40815500,2,59.077999
533,2018-12-27,63.967999,64.433998,60.299999,63.226002,63.226002,42875500,3,65.218002
534,2018-12-28,64.620003,67.248001,63.681999,66.774002,66.774002,49695000,4,63.226002
535,2018-12-31,67.557999,67.842003,65.052002,66.559998,66.559998,31511500,0,66.774002
536,2019-01-02,61.220001,63.026001,59.759997999999996,62.023998,62.023998,58293000,2,66.559998
537,2019-01-03,61.400002,61.880001,59.476002,60.071999,60.071999,34826000,3,62.023998
538,2019-01-04,61.200001,63.599998,60.546001000000004,63.537997999999995,63.537997999999995,36970500,4,60.071999
539,2019-01-07,64.344002,67.348,63.549999,66.991997,66.991997,37756000,0,63.537997999999995
540,2019-01-08,68.391998,68.802002,65.403999,67.07,67.07,35042500,1,66.991997
541,2019-01-09,67.099998,68.699997,66.293999,67.706001,67.706001,27164500,2,67.07
542,2019-01-10,66.879997,69.07800300000001,66.358002,68.994003,68.994003,30282000,3,67.706001
543,2019-01-11,68.417999,69.681999,67.753998,69.452003,69.452003,25195500,4,68.994003
544,2019-01-14,68.475998,68.5,66.800003,66.879997,66.879997,26236500,0,69.452003
545,2019-01-15,67.0,69.760002,66.900002,68.886002,68.886002,30283000,1,66.879997
546,2019-01-16,68.956001,70.400002,68.699997,69.209999,69.209999,23458500,2,68.886002
547,2019-01-17,69.241997,70.300003,68.83000200000001,69.461998,69.461998,18383500,3,69.209999
548,2019-01-18,64.599998,65.42600300000001,59.945999,60.452,60.452,120754000,4,69.461998
549,2019-01-22,60.964001,61.599998,59.099998,59.784,59.784,60333500,1,60.452
550,2019-01-23,58.5,58.900002,56.338001,57.518002,57.518002,62650000,2,59.784
551,2019-01-24,56.605999,58.736,55.855999,58.301998,58.301998,40061000,3,57.518002
552,2019-01-25,58.877998,59.703998999999996,57.91,59.408001,59.408001,36248000,4,58.301998
553,2019-01-28,58.582001,59.492001,57.549999,59.276001,59.276001,32116500,0,59.408001
554,2019-01-29,59.054001,59.712002000000005,58.360001000000004,59.492001,59.492001,23108500,1,59.276001
555,2019-01-30,60.09,61.799999,59.698002,61.754002,61.754002,56251500,2,59.492001
556,2019-01-31,60.200001,62.312,58.799999,61.403999,61.403999,62846000,3,61.754002
557,2019-02-01,61.084,63.220001,60.700001,62.442001,62.442001,36417000,4,61.403999
558,2019-02-04,62.596001,63.060001,60.375999,62.577999,62.577999,36760500,0,62.442001
559,2019-02-05,62.498001,64.487999,62.450001,64.269997,64.269997,33714000,1,62.577999
560,2019-02-06,63.917999,64.848,63.124001,63.444,63.444,25192500,2,64.269997
561,2019-02-07,62.66,62.939999,60.599998,61.501999,61.501999,32603000,3,63.444
562,2019-02-08,61.366001000000004,61.490002000000004,59.700001,61.16,61.16,29221000,4,61.501999
563,2019-02-11,62.32,63.720001,62.099998,62.568001,62.568001,35648500,0,61.16
564,2019-02-12,63.240002000000004,63.638,61.924,62.362,62.362,27588000,1,62.568001
565,2019-02-13,62.470001,62.549999,61.113997999999995,61.633998999999996,61.633998999999996,25708000,2,62.362
566,2019-02-14,60.675999,61.354,60.200001,60.754002,60.754002,26004000,3,61.633998999999996
567,2019-02-15,60.900002,61.599998,60.779999,61.576,61.576,19524500,4,60.754002
568,2019-02-19,61.312,62.307999,61.094002,61.127998,61.127998,20842000,1,61.576
569,2019-02-20,60.882,61.259997999999996,59.799999,60.512001,60.512001,35710500,2,61.127998
570,2019-02-21,60.362,60.647999,58.099998,58.245998,58.245998,44546000,3,60.512001
571,2019-02-22,58.897999,59.299999,58.419998,58.942001,58.942001,28703000,4,58.245998
572,2019-02-25,59.582001,60.580002,59.400002,59.754002,59.754002,33132500,0,58.942001
573,2019-02-26,58.444,60.402,57.754002,59.571999,59.571999,42912500,1,59.754002
574,2019-02-27,60.355999,63.259997999999996,60.110001000000004,62.948002,62.948002,55919500,2,59.571999
575,2019-02-28,63.784,64.0,62.161999,63.976002,63.976002,52603500,3,62.948002
576,2019-03-01,61.388,61.425999,58.380001,58.958,58.958,114557000,4,63.976002
577,2019-03-04,59.624001,59.799999,56.556,57.071999,57.071999,85484000,0,58.958
578,2019-03-05,56.400002,56.799999,54.02,55.307999,55.307999,93823500,1,57.071999
579,2019-03-06,55.296001000000004,56.301998,54.877998,55.248001,55.248001,51677500,2,55.307999
580,2019-03-07,55.768002,56.939999,54.849998,55.318001,55.318001,47212500,3,55.248001
581,2019-03-08,55.382,57.118,55.178001,56.827999,56.827999,44098000,4,55.318001
582,2019-03-11,56.703998999999996,58.256001,56.099998,58.183997999999995,58.183997999999995,36961500,0,56.827999
583,2019-03-12,57.298,57.613997999999995,56.212002000000005,56.672001,56.672001,37520500,1,58.183997999999995
584,2019-03-13,56.779999,58.397999,56.540001000000004,57.792,57.792,34223500,2,56.672001
585,2019-03-14,58.490002000000004,59.077999,57.658001,57.992001,57.992001,35517000,3,57.792
586,2019-03-15,56.702,56.743999,54.880001,55.085999,55.085999,73927500,4,57.992001
587,2019-03-18,55.200001,55.610001000000004,53.459998999999996,53.897999,53.897999,51405000,0,55.085999
588,2019-03-19,53.5,54.66,52.692001,53.493999,53.493999,59003000,1,53.897999
589,2019-03-20,53.938,54.993999,53.259997999999996,54.720001,54.720001,34541000,2,53.493999
590,2019-03-21,54.52,55.290001000000004,53.689999,54.804001,54.804001,29735500,3,54.720001
591,2019-03-22,54.515999,54.560001,52.799999,52.905998,52.905998,43728000,4,54.804001
592,2019-03-25,51.942001,52.636002000000005,50.891998,52.084,52.084,51075000,0,52.905998
593,2019-03-26,52.888,54.051998,52.886002000000005,53.554001,53.554001,36754500,1,52.084
594,2019-03-27,53.75,55.074001,53.636002000000005,54.966,54.966,43896000,2,53.554001
595,2019-03-28,55.431999,56.066002000000005,55.02,55.723999,55.723999,33870500,3,54.966
596,2019-03-29,55.740002000000004,56.032001,54.900002,55.972,55.972,29956500,4,55.723999
597,2019-04-01,56.523998,57.84,56.256001,57.835999,57.835999,40552000,0,55.972
598,2019-04-02,57.66,57.888,56.776001,57.175999,57.175999,27394500,1,57.835999
599,2019-04-03,57.464001,59.234001,57.433997999999995,58.362,58.362,39597000,2,57.175999
600,2019-04-04,52.377998,54.240002000000004,52.118,53.556,53.556,118603500,3,58.362
601,2019-04-05,53.972,55.220001,53.222,54.992001,54.992001,65191500,4,53.556
602,2019-04-08,55.537997999999995,56.231998,54.088001,54.639998999999996,54.639998999999996,52052000,0,54.992001
603,2019-04-09,54.330002,55.0,53.922001,54.462002000000005,54.462002000000005,29520000,1,54.639998999999996
604,2019-04-10,55.348,55.675999,54.577999,55.212002000000005,55.212002000000005,35306500,2,54.462002000000005
605,2019-04-11,53.66,54.099998,53.119999,53.683997999999995,53.683997999999995,49179500,3,55.212002000000005
606,2019-04-12,54.043999,54.389998999999996,53.366001000000004,53.540001000000004,53.540001000000004,33730000,4,53.683997999999995
607,2019-04-15,53.726002,53.776001,51.726002,53.276001,53.276001,50193000,0,53.540001000000004
608,2019-04-16,53.150002,55.0,52.944,54.672001,54.672001,36364500,1,53.276001
609,2019-04-17,54.950001,54.958,53.708,54.245998,54.245998,25632500,2,54.672001
610,2019-04-18,54.245998,54.967999,53.950001,54.652,54.652,29381500,3,54.245998
611,2019-04-22,53.799999,53.936001,52.495998,52.549999,52.549999,60735500,0,54.652
612,2019-04-23,52.029999,53.119999,51.150002,52.779999,52.779999,54719500,1,52.549999
613,2019-04-24,52.77,53.063999,51.599998,51.731998,51.731998,53637500,2,52.779999
614,2019-04-25,51.0,51.799999,49.214001,49.526001,49.526001,109247000,3,51.731998
615,2019-04-26,49.299999,49.335999,46.226002,47.028,47.028,111803500,4,49.526001
616,2019-04-29,47.172001,48.796001000000004,46.433997999999995,48.293999,48.293999,83572500,0,47.028
617,2019-04-30,48.411999,48.841999,47.400002,47.737999,47.737999,47323000,1,48.293999
618,2019-05-01,47.77,48.0,46.299999,46.801998,46.801998,53522000,2,47.737999
619,2019-05-02,49.104,49.425999,47.543999,48.82,48.82,90796500,3,46.801998
620,2019-05-03,48.771999,51.321999,48.698002,51.006001,51.006001,118534000,4,48.82
621,2019-05-06,50.004002,51.669998,49.700001,51.068001,51.068001,54169500,0,51.006001
622,2019-05-07,51.360001000000004,51.442001,49.02,49.411999,49.411999,50657000,1,51.068001
623,2019-05-08,49.388,50.119999,48.84,48.967999,48.967999,30882000,2,49.411999
624,2019-05-09,48.400002,48.736,47.388,48.396,48.396,33557000,3,48.967999
625,2019-05-10,47.950001,48.397999,47.203998999999996,47.903999,47.903999,35041500,4,48.396
626,2019-05-13,46.402,46.493999,44.900002,45.402,45.402,54174000,0,47.903999
627,2019-05-14,45.860001000000004,46.900002,45.599998,46.462002000000005,46.462002000000005,36262000,1,45.402
628,2019-05-15,45.863997999999995,46.487999,45.049999,46.389998999999996,46.389998999999996,36480000,2,46.462002000000005
629,2019-05-16,45.897999,46.200001,45.299999,45.666,45.666,37416500,3,46.389998999999996
630,2019-05-17,44.391998,44.448002,41.784,42.206001,42.206001,88933500,4,45.666
631,2019-05-20,40.560001,41.200001,39.049999,41.071999,41.071999,102631000,0,42.206001
632,2019-05-21,39.551998,41.48,39.208,41.015999,41.015999,90019500,1,41.071999
633,2019-05-22,39.82,40.787997999999995,38.355999,38.546001000000004,38.546001000000004,93426000,2,41.015999
634,2019-05-23,38.868,39.894001,37.243999,39.098,39.098,132735500,3,38.546001000000004
635,2019-05-24,39.966,39.995998,37.75,38.125999,38.125999,70683000,4,39.098
636,2019-05-28,38.240002000000004,39.0,37.57,37.740002000000004,37.740002000000004,51564500,1,38.125999
637,2019-05-29,37.419998,38.478001,37.007999,37.972,37.972,59843000,2,37.740002000000004
638,2019-05-30,37.75,38.452,37.403999,37.644001,37.644001,39632500,3,37.972
639,2019-05-31,37.02,37.984001,36.82,37.032001,37.032001,52033500,4,37.644001
640,2019-06-03,37.102001,37.335999,35.397999,35.793999,35.793999,65322000,0,37.032001
641,2019-06-04,36.220001,38.796001000000004,35.922001,38.720001,38.720001,69037500,1,35.793999
642,2019-06-05,39.736,40.256001,38.369999,39.318001,39.318001,67554000,2,38.720001
643,2019-06-06,40.888,42.200001,40.360001000000004,41.189999,41.189999,101211000,3,39.318001
644,2019-06-07,41.0,42.167999,40.700001,40.900002,40.900002,80017500,4,41.189999
645,2019-06-10,42.049999,43.388,41.801998,42.576,42.576,52925000,0,40.900002
646,2019-06-11,43.827999,44.18,42.700001,43.419998,43.419998,58267500,1,42.576
647,2019-06-12,44.59,44.675999,41.799999,41.852001,41.852001,75987500,2,43.419998
648,2019-06-13,42.076,42.98,41.501999,42.782001,42.782001,40841500,3,41.852001
649,2019-06-14,42.25,43.330002,42.080002,42.984001,42.984001,37167000,4,42.782001
650,2019-06-17,43.096001,45.400002,42.854,45.006001,45.006001,61584000,0,42.984001
651,2019-06-18,45.743999,46.948002,44.512001,44.948002,44.948002,63579000,1,45.006001
652,2019-06-19,45.021999,45.554001,44.212002000000005,45.285999,45.285999,32875500,2,44.948002
653,2019-06-20,44.599998,45.380001,43.27,43.924,43.924,59317500,3,45.285999
654,2019-06-21,43.243999,44.436001,43.099998,44.372002,44.372002,41010500,4,43.924
655,2019-06-24,44.647999,45.172001,44.203998999999996,44.728001,44.728001,28754000,0,44.372002
656,2019-06-25,44.877998,45.068001,43.897999,43.952,43.952,30910500,1,44.728001
657,2019-06-26,44.062,45.445999,43.619999,43.854,43.854,42536000,2,43.952
658,2019-06-27,43.889998999999996,44.580002,43.470001,44.568001,44.568001,31698500,3,43.854
659,2019-06-28,44.198002,45.034,44.16,44.692001,44.692001,34257000,4,44.568001
660,2019-07-01,46.042,46.619999,45.256001,45.433997999999995,45.433997999999995,41067000,0,44.692001
661,2019-07-02,45.778,45.830002,44.444,44.91,44.91,46295000,1,45.433997999999995
662,2019-07-03,47.877998,48.313999,46.902,46.98,46.98,71005500,2,44.91
663,2019-07-05,46.914001,47.09,46.16,46.619999,46.619999,35328500,4,46.98
664,2019-07-08,46.248001,46.450001,45.731998,46.068001,46.068001,29402500,0,46.619999
665,2019-07-09,45.793999,46.200001,45.456001,46.012001,46.012001,30954000,1,46.068001
666,2019-07-10,46.830002,47.787997999999995,46.627998,47.784,47.784,45728500,2,46.012001
667,2019-07-11,47.627998,48.299999,47.16,47.720001,47.720001,37572000,3,47.784
668,2019-07-12,47.950001,49.076,47.942001,49.015999,49.015999,46002500,4,47.720001
669,2019-07-15,49.599998,50.883998999999996,48.972,50.700001,50.700001,55000500,0,49.015999
670,2019-07-16,49.860001000000004,50.706001,49.585999,50.476002,50.476002,40745000,1,50.700001
671,2019-07-17,51.133998999999996,51.661999,50.669998,50.972,50.972,48823500,2,50.476002
672,2019-07-18,51.009997999999996,51.150002,50.377998,50.708,50.708,23793000,3,50.972
673,2019-07-19,51.138,51.992001,50.924,51.636002000000005,51.636002000000005,35242000,4,50.708
674,2019-07-22,51.75,52.43,50.838001,51.136002000000005,51.136002000000005,34212000,0,51.636002000000005
675,2019-07-23,51.341999,52.096001,50.900002,52.034,52.034,25115500,1,51.136002000000005
676,2019-07-24,51.834,53.214001,51.632,52.976002,52.976002,55364000,2,52.034
677,2019-07-25,46.700001,46.900002,45.110001000000004,45.764,45.764,112091500,3,52.976002
678,2019-07-26,45.383998999999996,46.051998,44.450001,45.608002,45.608002,50138500,4,45.764
679,2019-07-29,45.417999,47.188,45.206001,47.153999,47.153999,46366500,0,45.608002
680,2019-07-30,46.580002,48.672001,46.436001,48.452,48.452,40545000,1,47.153999
681,2019-07-31,48.599998,49.335999,47.330002,48.321999,48.321999,45891000,2,48.452
682,2019-08-01,48.529999,48.902,46.354,46.77,46.77,41297500,3,48.321999
683,2019-08-02,46.27,47.254002,45.846001,46.868,46.868,30682500,4,46.77
684,2019-08-05,45.919998,46.273998,45.155998,45.664001,45.664001,35141500,0,46.868
685,2019-08-06,46.375999,46.5,45.150002,46.150002,46.150002,27821000,1,45.664001
686,2019-08-07,45.299999,46.714001,45.16,46.683997999999995,46.683997999999995,23882500,2,46.150002
687,2019-08-08,46.889998999999996,47.959998999999996,46.529999,47.66,47.66,26371500,3,46.683997999999995
688,2019-08-09,47.209998999999996,47.792,46.762001,47.001999,47.001999,19491000,4,47.66
689,2019-08-12,46.598,47.153999,45.75,45.801998,45.801998,23319500,0,47.001999
690,2019-08-13,45.762001,47.200001,45.509997999999996,47.0,47.0,24240500,1,45.801998
691,2019-08-14,46.242001,46.299999,43.338001,43.924,43.924,47813000,2,47.0
692,2019-08-15,44.172001,44.312,42.310001,43.127998,43.127998,40798000,3,43.924
693,2019-08-16,43.332001,44.448002,43.203998999999996,43.987999,43.987999,25492500,4,43.127998
694,2019-08-19,44.841999,45.566002000000005,44.34,45.366001000000004,45.366001000000004,26548000,0,43.987999
695,2019-08-20,45.523998,45.818001,44.908001,45.172001,45.172001,20626000,1,45.366001000000004
696,2019-08-21,44.402,44.644001,43.52,44.166,44.166,38971500,2,45.172001
697,2019-08-22,44.560001,45.080002,43.644001,44.43,44.43,32795000,3,44.166
698,2019-08-23,43.993999,44.234001,42.200001,42.279999,42.279999,42693000,4,44.43
699,2019-08-26,42.720001,43.004002,42.307999,43.0,43.0,25259500,0,42.279999
700,2019-08-27,43.147999,43.759997999999996,42.405998,42.816002000000005,42.816002000000005,27081000,1,43.0
701,2019-08-28,42.737999,43.450001,42.462002000000005,43.118,43.118,16127500,2,42.816002000000005
702,2019-08-29,43.799999,44.68,43.599998,44.341999,44.341999,25897500,3,43.118
703,2019-08-30,45.830002,46.487999,44.841999,45.122002,45.122002,46603000,4,44.341999
704,2019-09-03,44.816002000000005,45.790001000000004,44.632,45.001999,45.001999,26770500,1,45.122002
705,2019-09-04,45.377998,45.692001,43.841999,44.136002000000005,44.136002000000005,28805000,2,45.001999
706,2019-09-05,44.5,45.959998999999996,44.169998,45.916,45.916,36976500,3,44.136002000000005
707,2019-09-06,45.439999,45.928001,45.034,45.490002000000004,45.490002000000004,20947000,4,45.916
708,2019-09-09,46.0,46.751999,45.846001,46.358002,46.358002,24013500,0,45.490002000000004
709,2019-09-10,46.16,47.108002,45.787997999999995,47.108002,47.108002,24418500,1,46.358002
710,2019-09-11,47.476002,49.633998999999996,47.200001,49.419998,49.419998,50214000,2,47.108002
711,2019-09-12,49.540001000000004,50.700001,48.880001,49.174,49.174,42906000,3,49.419998
712,2019-09-13,49.391998,49.689999,48.973999,49.040001000000004,49.040001000000004,26565500,4,49.174
713,2019-09-16,49.200001,49.486,48.234001,48.562,48.562,23640500,0,49.040001000000004
714,2019-09-17,48.493999,49.119999,48.074001,48.958,48.958,19327000,1,48.562
715,2019-09-18,49.0,49.633998999999996,48.473999,48.698002,48.698002,20851000,2,48.958
716,2019-09-19,49.200001,49.588001,48.967999,49.32,49.32,23979000,3,48.698002
717,2019-09-20,49.298,49.389998999999996,47.632,48.124001,48.124001,31765000,4,49.32
718,2019-09-23,48.0,49.035999,47.844002,48.245998,48.245998,21701000,0,48.124001
719,2019-09-24,48.304001,48.397999,44.521999,44.641998,44.641998,64457500,1,48.245998
720,2019-09-25,44.911999,45.796001000000004,43.672001,45.740002000000004,45.740002000000004,47135500,2,44.641998
721,2019-09-26,46.132,48.661999,45.48,48.512001,48.512001,59422500,3,45.740002000000004
722,2019-09-27,48.439999,49.742001,47.745998,48.425999,48.425999,55582000,4,48.512001
723,2019-09-30,48.599998,48.796001000000004,47.222,48.174,48.174,29399000,0,48.425999
724,2019-10-01,48.299999,49.189999,47.826,48.938,48.938,30813000,1,48.174
725,2019-10-02,48.658001,48.93,47.886002000000005,48.625999,48.625999,28157000,2,48.938
726,2019-10-03,46.372002,46.896,44.855999,46.605999,46.605999,75422500,3,48.625999
727,2019-10-04,46.321999,46.956001,45.613997999999995,46.285999,46.285999,39975000,4,46.605999
728,2019-10-07,45.959998999999996,47.712002000000005,45.709998999999996,47.543999,47.543999,40321000,0,46.285999
729,2019-10-08,47.174,48.787997999999995,46.900002,48.009997999999996,48.009997999999996,43391000,1,47.543999
730,2019-10-09,48.264,49.459998999999996,48.130001,48.905998,48.905998,34472000,2,48.009997999999996
731,2019-10-10,49.056,49.855999,48.316002000000005,48.948002,48.948002,31416500,3,48.905998
732,2019-10-11,49.43,50.216,49.362,49.577999,49.577999,42377000,4,48.948002
733,2019-10-14,49.580002,51.709998999999996,49.425999,51.391998,51.391998,51025000,0,49.577999
734,2019-10-15,51.540001000000004,52.0,50.824001,51.577999,51.577999,32164000,1,51.391998
735,2019-10-16,51.478001,52.419998,51.383998999999996,51.950001,51.950001,33420500,2,51.577999
736,2019-10-17,52.5,52.956001,52.034,52.394001,52.394001,23846500,3,51.950001
737,2019-10-18,52.139998999999996,52.560001,51.02,51.389998999999996,51.389998999999996,28749000,4,52.394001
738,2019-10-21,51.666,51.900002,50.035999,50.700001,50.700001,25101500,0,51.389998999999996
739,2019-10-22,50.863997999999995,51.666,50.169998,51.116001000000004,51.116001000000004,23004000,1,50.700001
740,2019-10-23,50.900002,51.228001,50.27,50.936001,50.936001,26305500,2,51.116001000000004
741,2019-10-24,59.674,60.986,57.84,59.936001,59.936001,148604500,3,50.936001
742,2019-10-25,59.543999,66.0,59.222,65.625999,65.625999,150030500,4,59.936001
743,2019-10-28,65.508003,68.167999,64.519997,65.542,65.542,94351500,0,65.625999
744,2019-10-29,63.998001,64.860001,62.950001,63.243999,63.243999,63421500,1,65.542
745,2019-10-30,62.599998,63.757999,61.993999,63.001999,63.001999,48209000,2,63.243999
746,2019-10-31,62.619999,63.799999,62.599998,62.984001,62.984001,25335000,3,63.001999
747,2019-11-01,63.264,63.296001000000004,61.959998999999996,62.661999,62.661999,31919500,4,62.984001
748,2019-11-04,62.959998999999996,64.388,61.852001,63.493999,63.493999,43935000,0,62.661999
749,2019-11-05,63.924,64.702003,63.223999,63.444,63.444,34717000,1,63.493999
750,2019-11-06,63.599998,65.344002,62.900002,65.316002,65.316002,39704500,2,63.444
751,2019-11-07,65.82800300000001,68.300003,65.603996,67.108002,67.108002,72336500,3,65.316002
752,2019-11-08,66.900002,67.491997,66.5,67.428001,67.428001,30346000,4,67.108002
753,2019-11-11,68.790001,69.837997,68.400002,69.01799799999999,69.01799799999999,49933500,0,67.428001
754,2019-11-12,69.379997,70.07399699999999,68.807999,69.986,69.986,36797000,1,69.01799799999999
755,2019-11-13,71.0,71.265999,69.03600300000001,69.222,69.222,42100500,2,69.986
756,2019-11-14,69.222,70.76799799999999,68.582001,69.870003,69.870003,32324500,3,69.222
757,2019-11-15,70.127998,70.559998,69.67199699999999,70.433998,70.433998,24045000,4,69.870003
758,2019-11-18,70.584,70.629997,69.220001,69.998001,69.998001,22002000,0,70.433998
759,2019-11-19,70.349998,71.998001,69.559998,71.903999,71.903999,38624000,1,69.998001
760,2019-11-20,72.0,72.239998,69.914001,70.444,70.444,33625500,2,71.903999
761,2019-11-21,70.902,72.167999,70.800003,70.966003,70.966003,30550000,3,70.444
762,2019-11-22,68.031998,68.199997,66.0,66.608002,66.608002,84353000,4,70.966003
763,2019-11-25,68.863998,68.914001,66.891998,67.26799799999999,67.26799799999999,61697500,0,66.608002
764,2019-11-26,67.054001,67.099998,65.41999799999999,65.783997,65.783997,39737000,1,67.26799799999999
765,2019-11-27,66.22399899999999,66.78600300000001,65.71399699999999,66.258003,66.258003,27778000,2,65.783997
766,2019-11-29,66.222,66.251999,65.5,65.987999,65.987999,12328000,4,66.258003
767,2019-12-02,65.879997,67.27600100000001,65.737999,66.97399899999999,66.97399899999999,30372500,0,65.987999
768,2019-12-03,66.524002,67.582001,66.438004,67.239998,67.239998,32868500,1,66.97399899999999
769,2019-12-04,67.550003,67.571999,66.57,66.606003,66.606003,27665000,2,67.239998
770,2019-12-05,66.566002,66.884003,65.449997,66.07399699999999,66.07399699999999,18623000,3,66.606003
771,2019-12-06,67.0,67.772003,66.954002,67.178001,67.178001,38062000,4,66.07399699999999
772,2019-12-09,67.318001,68.889999,67.015999,67.905998,67.905998,45115500,0,67.178001
773,2019-12-10,67.991997,70.146004,67.862,69.76799799999999,69.76799799999999,44141500,1,67.905998
774,2019-12-11,70.375999,71.438004,70.218002,70.540001,70.540001,34489000,2,69.76799799999999
775,2019-12-12,70.984001,72.547997,70.646004,71.935997,71.935997,38819500,3,70.540001
776,2019-12-13,72.209999,73.042,70.928001,71.678001,71.678001,32854500,4,71.935997
777,2019-12-16,72.510002,76.722,72.5,76.300003,76.300003,90871000,0,71.678001
778,2019-12-17,75.797997,77.099998,75.18,75.797997,75.797997,42484000,1,76.300003
779,2019-12-18,76.125999,79.043999,76.115997,78.629997,78.629997,70605000,2,75.797997
780,2019-12-19,79.46399699999999,81.370003,79.300003,80.807999,80.807999,90535500,3,78.629997
781,2019-12-20,82.057999,82.599998,80.038002,81.11799599999999,81.11799599999999,73763500,4,80.807999
782,2019-12-23,82.356003,84.402,82.0,83.844002,83.844002,66598000,0,81.11799599999999
783,2019-12-24,83.67199699999999,85.094002,82.538002,85.050003,85.050003,40273500,1,83.844002
784,2019-12-26,85.582001,86.695999,85.269997,86.188004,86.188004,53169500,3,85.050003
785,2019-12-27,87.0,87.061996,85.222,86.07599599999999,86.07599599999999,49728500,4,86.188004
786,2019-12-30,85.758003,85.800003,81.851997,82.940002,82.940002,62932000,0,86.07599599999999
787,2019-12-31,81.0,84.258003,80.416,83.666,83.666,51428500,1,82.940002
788,2020-01-02,84.900002,86.139999,84.342003,86.052002,86.052002,47660500,3,83.666
789,2020-01-03,88.099998,90.800003,87.384003,88.601997,88.601997,88892500,4,86.052002
790,2020-01-06,88.094002,90.311996,88.0,90.307999,90.307999,50665000,0,88.601997
791,2020-01-07,92.279999,94.32599599999999,90.67199699999999,93.811996,93.811996,89410500,1,90.307999
792,2020-01-08,94.739998,99.697998,93.646004,98.428001,98.428001,155721500,2,93.811996
793,2020-01-09,99.41999799999999,99.760002,94.57399699999999,96.26799799999999,96.26799799999999,142202000,3,98.428001
794,2020-01-10,96.358002,96.987999,94.739998,95.629997,95.629997,64797500,4,96.26799799999999
795,2020-01-13,98.699997,105.125999,98.400002,104.972,104.972,132588000,0,95.629997
796,2020-01-14,108.851997,109.48200200000001,104.980003,107.584,107.584,144981000,1,104.972
797,2020-01-15,105.952003,107.568001,103.358002,103.699997,103.699997,86844000,2,107.584
798,2020-01-16,98.75,102.891998,98.433998,102.697998,102.697998,108683500,3,103.699997
799,2020-01-17,101.522003,103.134003,100.63200400000001,102.099998,102.099998,68145500,4,102.697998
800,2020-01-21,106.050003,109.716003,105.681999,109.440002,109.440002,89017500,1,102.099998
801,2020-01-22,114.377998,118.900002,111.82,113.912003,113.912003,156845000,2,109.440002
802,2020-01-23,112.849998,116.400002,111.120003,114.440002,114.440002,98255000,3,113.912003
803,2020-01-24,114.125999,114.772003,110.851997,112.96399699999999,112.96399699999999,71768000,4,114.440002
804,2020-01-27,108.398003,112.888,107.856003,111.603996,111.603996,68040500,0,112.96399699999999
805,2020-01-28,113.697998,115.362,111.615997,113.379997,113.379997,58942500,1,111.603996
806,2020-01-29,115.138,117.959999,113.486,116.197998,116.197998,89007500,2,113.379997
807,2020-01-30,126.484001,130.175995,123.599998,128.162003,128.162003,145028500,3,116.197998
808,2020-01-31,128.0,130.600006,126.503998,130.113998,130.113998,78596500,4,128.162003
809,2020-02-03,134.738007,157.227997,134.703995,156.0,156.0,236167500,0,130.113998
810,2020-02-04,176.591995,193.798004,166.776001,177.412003,177.412003,304694000,1,156.0
811,2020-02-05,164.651993,169.195999,140.82200600000002,146.940002,146.940002,242119000,2,177.412003
812,2020-02-06,139.983994,159.166,137.399994,149.792007,149.792007,199404000,3,146.940002
813,2020-02-07,146.110001,153.949997,146.0,149.613998,149.613998,85317500,4,149.792007
814,2020-02-10,160.0,163.998001,150.479996,154.255997,154.255997,123446000,0,149.613998
815,2020-02-11,153.757996,156.701996,151.600006,154.87600700000002,154.87600700000002,58487500,1,154.255997
816,2020-02-12,155.574005,157.949997,152.673996,153.457993,153.457993,60112500,2,154.87600700000002
817,2020-02-13,148.367996,163.600006,147.0,160.800003,160.800003,131446500,3,153.457993
818,2020-02-14,157.444,162.59399399999998,157.100006,160.005997,160.005997,78468500,4,160.800003
819,2020-02-18,168.320007,172.0,166.472,171.679993,171.679993,81908500,1,160.005997
820,2020-02-19,184.699997,188.955994,180.203995,183.483994,183.483994,127115000,2,171.679993
821,2020-02-20,182.389999,182.399994,171.988007,179.882004,179.882004,88174500,3,183.483994
822,2020-02-21,181.395996,182.612,176.08999599999999,180.199997,180.199997,71574000,4,179.882004
823,2020-02-24,167.800003,172.699997,164.440002,166.757996,166.757996,75961000,0,180.199997
824,2020-02-25,169.800003,171.320007,157.399994,159.98199499999998,159.98199499999998,86452500,1,166.757996
825,2020-02-26,156.5,162.662003,155.222,155.759995,155.759995,70427500,2,159.98199499999998
826,2020-02-27,146.0,147.953995,133.800003,135.800003,135.800003,121386000,3,155.759995
827,2020-02-28,125.940002,138.104004,122.304001,133.598007,133.598007,122821000,4,135.800003
828,2020-03-02,142.251999,148.738007,137.334,148.723999,148.723999,100975000,0,133.598007
829,2020-03-03,161.0,161.395996,143.222,149.102005,149.102005,128920000,1,148.723999
830,2020-03-04,152.792007,153.304001,144.945999,149.899994,149.899994,75245000,2,149.102005
831,2020-03-05,144.753998,149.149994,143.613998,144.908005,144.908005,54263500,3,149.899994
832,2020-03-06,138.0,141.399994,136.854004,140.695999,140.695999,63314500,4,144.908005
833,2020-03-09,121.07800300000001,132.600006,121.0,121.599998,121.599998,85368500,0,140.695999
834,2020-03-10,131.886002,133.600006,121.599998,129.065994,129.065994,77972000,1,121.599998
835,2020-03-11,128.03999299999998,130.716003,122.599998,126.846001,126.846001,66612500,2,129.065994
836,2020-03-12,116.178001,118.900002,109.25,112.110001,112.110001,94545500,3,126.846001
837,2020-03-13,119.0,121.514,100.400002,109.32399699999999,109.32399699999999,113201500,4,112.110001
838,2020-03-16,93.900002,98.97399899999999,88.433998,89.014,89.014,102447500,0,109.32399699999999
839,2020-03-17,88.001999,94.370003,79.199997,86.040001,86.040001,119973000,1,89.014
840,2020-03-18,77.800003,80.972,70.101997,72.244003,72.244003,118931000,2,86.040001
841,2020-03-19,74.940002,90.400002,71.692001,85.528,85.528,150977500,3,72.244003
842,2020-03-20,87.639999,95.400002,85.157997,85.505997,85.505997,141427500,4,85.528
843,2020-03-23,86.720001,88.400002,82.099998,86.858002,86.858002,82272500,0,85.505997
844,2020-03-24,95.459999,102.737999,94.800003,101.0,101.0,114476000,1,86.858002
845,2020-03-25,109.050003,111.400002,102.222,107.849998,107.849998,106113500,2,101.0
846,2020-03-26,109.477997,112.0,102.449997,105.63200400000001,105.63200400000001,86903500,3,107.849998
847,2020-03-27,101.0,105.160004,98.806,102.872002,102.872002,71887000,4,105.63200400000001
848,2020-03-30,102.052002,103.33000200000001,98.246002,100.42600300000001,100.42600300000001,59990500,0,102.872002
849,2020-03-31,100.25,108.592003,99.400002,104.800003,104.800003,88857500,1,100.42600300000001
850,2020-04-01,100.800003,102.790001,95.019997,96.311996,96.311996,66766000,2,104.800003
851,2020-04-02,96.206001,98.851997,89.279999,90.893997,90.893997,99292000,3,96.311996
852,2020-04-03,101.900002,103.098,93.678001,96.001999,96.001999,22562100,4,90.893997
853,2020-04-06,102.239998,104.199997,99.592003,103.248001,103.248001,14901800,0,96.001999
854,2020-04-07,109.0,113.0,106.468002,109.089996,109.089996,17919800,1,103.248001
855,2020-04-08,110.839996,111.442001,106.666,109.76799799999999,109.76799799999999,12656000,2,109.089996
856,2020-04-09,112.417999,115.03600300000001,111.42199699999999,114.599998,114.599998,13650000,3,109.76799799999999
857,2020-04-13,118.031998,130.399994,116.106003,130.190002,130.190002,22475400,0,114.599998
858,2020-04-14,139.794006,148.37600700000002,138.48599199999998,141.977997,141.977997,30576500,1,130.190002
859,2020-04-15,148.399994,150.62600700000002,142.0,145.966003,145.966003,23577000,2,141.977997
860,2020-04-16,143.388,151.889999,141.34399399999998,149.042007,149.042007,20657900,3,145.966003
861,2020-04-17,154.455994,154.990005,149.531998,150.778,150.778,13128200,4,149.042007
862,2020-04-20,146.53999299999998,153.113998,142.442001,149.272003,149.272003,14746600,0,150.778
863,2020-04-21,146.024002,150.666,134.757996,137.34399399999998,137.34399399999998,20209100,1,149.272003
864,2020-04-22,140.796005,146.800003,137.742004,146.421997,146.421997,14224800,2,137.34399399999998
865,2020-04-23,145.520004,146.800003,140.62600700000002,141.12600700000002,141.12600700000002,13236700,3,146.421997
866,2020-04-24,142.162003,146.145996,139.636002,145.029999,145.029999,13237600,4,141.12600700000002
867,2020-04-27,147.522003,159.897995,147.0,159.75,159.75,20681400,0,145.029999
868,2020-04-28,159.128006,161.0,151.337997,153.824005,153.824005,15222000,1,159.75
869,2020-04-29,158.033997,160.639999,156.632004,160.102005,160.102005,16216000,2,153.824005
870,2020-04-30,171.037994,173.96400500000001,152.699997,156.37600700000002,156.37600700000002,28471900,3,160.102005
871,2020-05-01,151.0,154.554001,136.608002,140.26400800000002,140.26400800000002,32531800,4,156.37600700000002
872,2020-05-04,140.199997,152.399994,139.600006,152.238007,152.238007,19237100,0,140.26400800000002
873,2020-05-05,157.957993,159.783997,152.436005,153.641998,153.641998,16991700,1,152.238007
874,2020-05-06,155.300003,157.96000700000002,152.222,156.516006,156.516006,11123200,2,153.641998
875,2020-05-07,155.442001,159.279999,154.470001,156.007996,156.007996,11527700,3,156.516006
876,2020-05-08,158.753998,164.800003,157.401993,163.884003,163.884003,16130100,4,156.007996
877,2020-05-11,158.102005,164.800003,157.0,162.257996,162.257996,16519600,0,163.884003
878,2020-05-12,165.399994,168.658005,161.600006,161.882004,161.882004,15906900,1,162.257996
879,2020-05-13,164.166,165.199997,152.66000400000001,158.192001,158.192001,19065500,2,161.882004
880,2020-05-14,156.0,160.671997,152.800003,160.666,160.666,13682200,3,158.192001
881,2020-05-15,158.070007,161.009995,157.309998,159.834,159.834,10518400,4,160.666
882,2020-05-18,165.556,166.944,160.776001,162.725998,162.725998,11698100,0,159.834
883,2020-05-19,163.033997,164.414001,161.216003,161.602005,161.602005,9636500,1,162.725998
884,2020-05-20,164.100006,165.199997,162.360001,163.112,163.112,7309300,2,161.602005
885,2020-05-21,163.199997,166.5,159.199997,165.520004,165.520004,12254600,3,163.112
886,2020-05-22,164.434006,166.35600300000002,162.399994,163.37600700000002,163.37600700000002,9987500,4,165.520004
887,2020-05-26,166.899994,166.919998,163.141998,163.774002,163.774002,8089700,1,163.37600700000002
888,2020-05-27,164.171997,165.542007,157.0,164.046005,164.046005,11549500,2,163.774002
889,2020-05-28,162.701996,164.949997,160.337997,161.162003,161.162003,7255600,3,164.046005
890,2020-05-29,161.75,167.0,160.841995,167.0,167.0,11812500,4,161.162003
891,2020-06-01,171.600006,179.800003,170.820007,179.619995,179.619995,14939500,0,167.0
892,2020-06-02,178.940002,181.73199499999998,174.199997,176.311996,176.311996,13565600,1,179.619995
893,2020-06-03,177.62399299999998,179.587997,176.020004,176.591995,176.591995,7949500,2,176.311996
894,2020-06-04,177.975998,179.149994,171.688004,172.87600700000002,172.87600700000002,8887700,3,176.591995
895,2020-06-05,175.567993,177.304001,173.240005,177.132004,177.132004,7811900,4,172.87600700000002
896,2020-06-08,183.800003,190.0,181.832001,189.983994,189.983994,14174700,0,177.132004
897,2020-06-09,188.001999,190.888,184.78599499999999,188.134003,188.134003,11388200,1,189.983994
898,2020-06-10,198.37600700000002,205.496002,196.5,205.009995,205.009995,18563400,2,188.134003
899,2020-06-11,198.03999299999998,203.792007,194.399994,194.567993,194.567993,15916500,3,205.009995
900,2020-06-12,196.0,197.595993,182.520004,187.056,187.056,16730200,4,194.567993
901,2020-06-15,183.557999,199.76800500000002,181.699997,198.179993,198.179993,15697200,0,187.056
902,2020-06-16,202.369995,202.576004,192.477997,196.425995,196.425995,14051100,1,198.179993
903,2020-06-17,197.542007,201.0,196.51400800000002,198.358002,198.358002,9869400,2,196.425995
904,2020-06-18,200.600006,203.83999599999999,198.89399699999998,200.792007,200.792007,48759500,3,198.358002
905,2020-06-19,202.556,203.194,198.26800500000002,200.179993,200.179993,43398500,4,200.792007
906,2020-06-22,199.990005,201.776001,198.003998,198.863998,198.863998,31812000,0,200.179993
907,2020-06-23,199.776001,202.399994,198.80200200000002,200.35600300000002,200.35600300000002,31826500,1,198.863998
908,2020-06-24,198.82200600000002,200.175995,190.628006,192.169998,192.169998,54798000,2,200.35600300000002
909,2020-06-25,190.854004,197.195999,187.429993,197.195999,197.195999,46272500,3,192.169998
910,2020-06-26,198.955994,199.0,190.973999,191.94799799999998,191.94799799999998,44274500,4,197.195999
911,2020-06-29,193.80200200000002,202.0,189.703995,201.869995,201.869995,45132000,0,191.94799799999998
912,2020-06-30,201.300003,217.537994,200.746002,215.962006,215.962006,84592500,1,201.869995
913,2020-07-01,216.600006,227.065994,216.100006,223.92599500000003,223.92599500000003,66634500,2,215.962006
914,2020-07-02,244.29600499999998,245.600006,237.11999500000002,241.731995,241.731995,86250500,3,223.92599500000003
915,2020-07-06,255.33799700000003,275.558014,253.20799300000002,274.31601,274.31601,102849500,0,241.731995
916,2020-07-07,281.00201400000003,285.899994,267.34201,277.971985,277.971985,107448500,1,274.31601
917,2020-07-08,281.0,283.451996,262.26800499999996,273.175995,273.175995,81556500,2,277.971985
918,2020-07-09,279.39801,281.71200600000003,270.256012,278.85598799999997,278.85598799999997,58588000,3,273.175995
919,2020-07-10,279.200012,309.783997,275.201996,308.929993,308.929993,116688000,4,278.85598799999997
920,2020-07-13,331.799988,358.99798599999997,294.221985,299.411987,299.411987,194927000,0,308.929993
921,2020-07-14,311.200012,318.0,286.200012,303.359985,303.359985,117090500,1,299.411987
922,2020-07-15,308.600006,310.0,291.399994,309.201996,309.201996,81839000,2,303.359985
923,2020-07-16,295.432007,306.34201,293.200012,300.127991,300.127991,71504000,3,309.201996
924,2020-07-17,302.690002,307.50201400000003,298.0,300.167999,300.167999,46650000,4,300.127991
925,2020-07-20,303.802002,330.0,297.600006,328.600006,328.600006,85607000,0,300.167999
926,2020-07-21,327.985992,335.0,311.600006,313.67199700000003,313.67199700000003,80786500,1,328.600006
927,2020-07-22,319.799988,325.283997,312.399994,318.466003,318.466003,70805500,2,313.67199700000003
928,2020-07-23,335.790009,337.799988,296.153992,302.614014,302.614014,121642500,3,318.466003
929,2020-07-24,283.201996,293.0,273.308014,283.399994,283.399994,96983000,4,302.614014
930,2020-07-27,287.0,309.588013,282.600006,307.920013,307.920013,80243500,0,283.399994
931,2020-07-28,300.799988,312.940002,294.884003,295.298004,295.298004,79043500,1,307.920013
932,2020-07-29,300.200012,306.96200600000003,297.399994,299.821991,299.821991,47134500,2,295.298004
933,2020-07-30,297.600006,302.64801,294.200012,297.49798599999997,297.49798599999997,38105000,3,299.821991
934,2020-07-31,303.0,303.410004,284.196014,286.152008,286.152008,61235000,4,297.49798599999997
935,2020-08-03,289.839996,301.96200600000003,288.87600699999996,297.0,297.0,44046500,0,286.152008
936,2020-08-04,299.00201400000003,305.48199500000004,292.399994,297.399994,297.399994,42075000,1,297.0
937,2020-08-05,298.597992,299.967987,293.661987,297.003998,297.003998,24890000,2,297.399994
938,2020-08-06,298.16598500000003,303.46200600000003,295.451996,297.91598500000003,297.91598500000003,29961500,3,297.003998
939,2020-08-07,299.90799,299.950012,283.00201400000003,290.541992,290.541992,44482000,4,297.91598500000003
940,2020-08-10,289.600006,291.5,277.167999,283.713989,283.713989,37611500,0,290.541992
941,2020-08-11,279.200012,284.0,273.0,274.877991,274.877991,43129000,1,283.713989
942,2020-08-12,294.0,317.0,287.0,310.951996,310.951996,109494000,2,274.877991
943,2020-08-13,322.200012,330.235992,313.451996,324.200012,324.200012,102126500,3,310.951996
944,2020-08-14,332.99798599999997,333.76001,325.32800299999997,330.141998,330.141998,62888000,4,324.200012
945,2020-08-17,335.399994,369.17199700000003,334.56601,367.127991,367.127991,101211500,0,330.141998
946,2020-08-18,379.798004,384.77999900000003,369.022003,377.417999,377.417999,82372500,1,367.127991
947,2020-08-19,373.0,382.200012,368.242004,375.705994,375.705994,61026500,2,377.417999
948,2020-08-20,372.135986,404.39801,371.411987,400.365997,400.365997,103059000,3,375.705994
949,2020-08-21,408.951996,419.097992,405.01001,409.996002,409.996002,107448000,4,400.365997
950,2020-08-24,425.256012,425.799988,385.503998,402.839996,402.839996,100318000,0,409.996002
951,2020-08-25,394.977997,405.589996,393.600006,404.667999,404.667999,53294500,1,402.839996
952,2020-08-26,412.0,433.200012,410.72601299999997,430.634003,430.634003,71197000,2,404.667999
953,2020-08-27,436.09200999999996,459.119995,428.5,447.75,447.75,118465000,3,430.634003
954,2020-08-28,459.02398700000003,463.69799800000004,437.303986,442.67999299999997,442.67999299999997,100406000,4,447.75
955,2020-08-31,444.60998499999994,500.14001500000006,440.10998499999994,498.32000700000003,498.32000700000003,118374400,0,442.67999299999997
956,2020-09-01,502.14001500000006,502.48999000000003,470.51000999999997,475.049988,475.049988,90119400,1,498.32000700000003
957,2020-09-02,478.98999000000003,479.040009,405.119995,447.369995,447.369995,96176100,2,475.049988
958,2020-09-03,407.230011,431.799988,402.0,407.0,407.0,87596100,3,447.369995
959,2020-09-04,402.809998,428.0,372.019989,418.320007,418.320007,110321900,4,407.0
960,2020-09-08,356.0,368.73999,329.880005,330.209991,330.209991,115465700,1,418.320007
961,2020-09-09,356.600006,369.0,341.51001,366.27999900000003,366.27999900000003,79465800,2,330.209991
962,2020-09-10,386.209991,398.98999,360.559998,371.339996,371.339996,84930600,3,366.27999900000003
963,2020-09-11,381.940002,382.5,360.5,372.72000099999997,372.72000099999997,60717500,4,371.339996
964,2020-09-14,380.950012,420.0,373.299988,419.619995,419.619995,83020600,0,372.72000099999997
965,2020-09-15,436.55999800000006,461.94000199999994,430.700012,449.76000999999997,449.76000999999997,97298200,1,419.619995
966,2020-09-16,439.869995,457.790009,435.30999800000006,441.76000999999997,441.76000999999997,72279300,2,449.76000999999997
967,2020-09-17,415.600006,437.790009,408.0,423.42999299999997,423.42999299999997,76779200,3,441.76000999999997
968,2020-09-18,447.94000199999994,451.0,428.799988,442.14999400000005,442.14999400000005,86406800,4,423.42999299999997
969,2020-09-21,453.130005,455.67999299999997,407.070007,449.39001500000006,449.39001500000006,109476800,0,442.14999400000005
970,2020-09-22,429.60000599999995,437.76000999999997,417.600006,424.23001100000005,424.23001100000005,79580800,1,449.39001500000006
971,2020-09-23,405.160004,412.149994,375.880005,380.359985,380.359985,95074200,2,424.23001100000005
972,2020-09-24,363.799988,399.5,351.299988,387.790009,387.790009,96561100,3,380.359985
973,2020-09-25,393.47000099999997,408.730011,391.299988,407.339996,407.339996,67208500,4,387.790009
974,2020-09-28,424.619995,428.079987,415.549988,421.200012,421.200012,49719600,0,407.339996
975,2020-09-29,416.0,428.5,411.600006,419.070007,419.070007,50219300,1,421.200012
976,2020-09-30,421.32000700000003,433.92999299999997,420.47000099999997,429.01000999999997,429.01000999999997,48145600,2,419.070007
977,2020-10-01,440.76000999999997,448.880005,434.420013,448.160004,448.160004,50741500,3,429.01000999999997
978,2020-10-02,421.39001500000006,439.130005,415.0,415.089996,415.089996,71430000,4,448.160004
979,2020-10-05,423.35000599999995,433.64001500000006,419.329987,425.67999299999997,425.67999299999997,44722800,0,415.089996
980,2020-10-06,423.790009,428.77999900000003,406.049988,413.980011,413.980011,49146300,1,425.67999299999997
981,2020-10-07,419.869995,429.89999400000005,413.850006,425.299988,425.299988,43127700,2,413.980011
982,2020-10-08,438.44000199999994,439.0,425.299988,425.920013,425.920013,40421100,3,425.299988
983,2020-10-09,430.130005,434.589996,426.459991,434.0,434.0,28925700,4,425.920013
984,2020-10-12,442.0,448.73999000000003,438.579987,442.299988,442.299988,38791100,0,434.0
985,2020-10-13,443.35000599999995,448.89001500000006,436.60000599999995,446.64999400000005,446.64999400000005,34463700,1,442.299988
986,2020-10-14,449.77999900000003,465.89999400000005,447.35000599999995,461.299988,461.299988,48045400,2,446.64999400000005
987,2020-10-15,450.30999800000006,456.57000700000003,442.5,448.880005,448.880005,35672400,3,461.299988
988,2020-10-16,454.44000199999994,455.950012,438.85000599999995,439.670013,439.670013,32775900,4,448.880005
989,2020-10-19,446.23999000000003,447.0,428.869995,430.829987,430.829987,36287800,0,439.670013
990,2020-10-20,431.75,431.75,419.049988,421.94000199999994,421.94000199999994,31656300,1,430.829987
991,2020-10-21,422.700012,432.950012,421.25,422.64001500000006,422.64001500000006,32370500,2,421.94000199999994
992,2020-10-22,441.920013,445.23001100000005,424.51000999999997,425.790009,425.790009,39993200,3,422.64001500000006
993,2020-10-23,421.839996,422.89001500000006,407.380005,420.630005,420.630005,33717000,4,425.790009
994,2020-10-26,411.630005,425.76000999999997,410.0,420.27999900000003,420.27999900000003,28239200,0,420.630005
995,2020-10-27,423.76000999999997,430.5,420.10000599999995,424.67999299999997,424.67999299999997,22686500,1,420.27999900000003
996,2020-10-28,416.480011,418.600006,406.0,406.019989,406.019989,25451400,2,424.67999299999997
997,2020-10-29,409.959991,418.059998,406.459991,410.829987,410.829987,22655300,3,406.019989
998,2020-10-30,406.899994,407.589996,379.109985,388.040009,388.040009,42511300,4,410.829987
999,2020-11-02,394.0,406.980011,392.299988,400.51001,400.51001,29021100,0,388.040009
1000,2020-11-03,409.730011,427.76998899999995,406.690002,423.89999400000005,423.89999400000005,34351700,1,400.51001
1001,2020-11-04,430.619995,435.39999400000005,417.100006,420.98001100000005,420.98001100000005,32143100,2,423.89999400000005
1002,2020-11-05,428.299988,440.0,424.0,438.089996,438.089996,28414500,3,420.98001100000005
1003,2020-11-06,436.10000599999995,436.57000700000003,424.27999900000003,429.950012,429.950012,21706000,4,438.089996
1004,2020-11-09,439.5,452.5,421.0,421.26000999999997,421.26000999999997,34833000,0,429.950012
1005,2020-11-10,420.089996,420.089996,396.02999900000003,410.359985,410.359985,30284200,1,421.26000999999997
1006,2020-11-11,416.450012,418.700012,410.579987,417.130005,417.130005,17357700,2,410.359985
1007,2020-11-12,415.049988,423.0,409.519989,411.76001,411.76001,19855100,3,417.130005
1008,2020-11-13,410.850006,412.52999900000003,401.660004,408.5,408.5,19771100,4,411.76001
1009,2020-11-16,408.929993,412.450012,404.089996,408.089996,408.089996,26838600,0,408.5
1010,2020-11-17,460.170013,462.0,433.01000999999997,441.60998499999994,441.60998499999994,61188300,1,408.089996
1011,2020-11-18,448.35000599999995,496.0,443.5,486.64001500000006,486.64001500000006,78044000,2,441.60998499999994
1012,2020-11-19,492.0,508.60998499999994,487.57000700000003,499.26998899999995,499.26998899999995,62475300,3,486.64001500000006
1013,2020-11-20,497.98999000000003,502.5,489.05999800000006,489.60998499999994,489.60998499999994,32807300,4,499.26998899999995
1014,2020-11-23,503.5,526.0,501.790009,521.849976,521.849976,50260300,0,489.60998499999994
1015,2020-11-24,540.400024,559.98999,526.200012,555.380005,555.380005,53648500,1,521.849976
1016,2020-11-25,550.0599980000001,574.0,545.369995,574.0,574.0,48930200,2,555.380005
1017,2020-11-27,581.159973,598.780029,578.450012,585.76001,585.76001,37561100,4,574.0
1018,2020-11-30,602.210022,607.799988,554.51001,567.599976,567.599976,63003100,0,585.76001
1019,2020-12-01,597.590027,597.849976,572.049988,584.76001,584.76001,40382800,1,567.599976
1020,2020-12-02,556.4400019999999,571.539978,541.210022,568.820007,568.820007,47775700,2,584.76001
1021,2020-12-03,590.02002,598.969971,582.429993,593.380005,593.380005,42552000,3,568.820007
1022,2020-12-04,591.01001,599.039978,585.5,599.039978,599.039978,29401300,4,593.380005
1023,2020-12-07,604.919983,648.789978,603.049988,641.76001,641.76001,56309700,0,599.039978
1024,2020-12-08,625.51001,651.280029,618.5,649.880005,649.880005,64265000,1,641.76001
1025,2020-12-09,653.6900019999999,654.320007,588.0,604.47998,604.47998,71291200,2,649.880005
1026,2020-12-10,574.369995,627.75,566.340027,627.070007,627.070007,67083200,3,604.47998
1027,2020-12-11,615.01001,624.0,596.799988,609.98999,609.98999,46475000,4,627.070007
1028,2020-12-14,619.0,642.75,610.200012,639.830017,639.830017,52040600,0,609.98999
1029,2020-12-15,643.280029,646.900024,623.799988,633.25,633.25,45223600,1,639.830017
