,Date,Open,High,Low,Close,Adj Close,Volume,weekday,shift_close
0,11/11/16,36.848,37.776001,36.599998,37.712002,37.712002,19942500,4,
1,11/14/16,37.599998,37.650002,35.638,36.290001,36.290001,32761000,0,37.712002
2,11/15/16,36.556,37.285999,36.41,36.754002,36.754002,19510000,1,36.290001
3,11/16/16,36.529999,36.945999,36.242001,36.785999,36.785999,17172000,2,36.754002
4,11/17/16,36.698002,37.897999,36.422001,37.731998,37.731998,24435500,3,36.785999
5,11/18/16,38.130001,38.599998,37,37.004002,37.004002,26051500,4,37.731998
6,11/21/16,37.007999,37.778,36.882,36.903999,36.903999,21805000,0,37.004002
7,11/22/16,37.167999,38.293999,36.742001,38.234001,38.234001,28017000,1,36.903999
8,11/23/16,38.122002,39.127998,37.799999,38.627998,38.627998,24459500,2,38.234001
9,11/25/16,38.728001,39.448002,38.728001,39.330002,39.330002,11830500,4,38.627998
10,11/28/16,39.096001,39.869999,38.91,39.223999,39.223999,22646000,0,39.330002
11,11/29/16,39.112,39.346001,37.900002,37.914001,37.914001,22196500,1,39.223999
12,11/30/16,38.200001,38.377998,37.5,37.880001,37.880001,17735500,2,37.914001
13,12/1/16,37.650002,37.706001,36.200001,36.375999,36.375999,25632000,3,37.880001
14,12/2/16,36.576,36.976002,36,36.293999,36.293999,20211500,4,36.375999
15,12/5/16,36.501999,37.778,36.501999,37.360001,37.360001,20361000,0,36.293999
16,12/6/16,37.104,37.316002,36.535999,37.169998,37.169998,16958000,1,37.360001
17,12/7/16,37.23,38.68,37,38.630001,38.630001,27309500,2,37.169998
18,12/8/16,38.41,38.5,37.908001,38.458,38.458,15970500,3,38.630001
19,12/9/16,38.174,38.768002,38.161999,38.436001,38.436001,13612500,4,38.458
20,12/12/16,38.560001,38.883999,38.236,38.486,38.486,12194500,0,38.436001
21,12/13/16,38.636002,40.256001,38.599998,39.630001,39.630001,34119500,1,38.486
22,12/14/16,39.748001,40.599998,39.352001,39.737999,39.737999,20754500,2,39.630001
23,12/15/16,39.681999,40.147999,39.478001,39.515999,39.515999,16098000,3,39.737999
24,12/16/16,39.616001,40.518002,39.52,40.498001,40.498001,18984500,4,39.515999
25,12/19/16,40.498001,40.889999,39.967999,40.546001,40.546001,17440500,0,40.498001
26,12/20/16,40.610001,41.799999,40.5,41.757999,41.757999,23445500,1,40.546001
27,12/21/16,41.689999,42.445999,41.481998,41.540001,41.540001,26038000,2,41.757999
28,12/22/16,41.644001,41.998001,41.299999,41.689999,41.689999,15555500,3,41.540001
29,12/23/16,41.599998,42.689999,41.542,42.667999,42.667999,23352500,4,41.689999
30,12/27/16,42.976002,44.450001,42.883999,43.905998,43.905998,29578500,1,42.667999
31,12/28/16,44.306,44.759998,43.439999,43.948002,43.948002,18912500,2,43.905998
32,12/29/16,43.712002,43.84,42.824001,42.936001,42.936001,20225000,3,43.948002
33,12/30/16,43.259998,43.5,42.335999,42.737999,42.737999,23213000,4,42.936001
34,1/3/17,42.972,44.066002,42.192001,43.397999,43.397999,29616500,1,42.737999
35,1/4/17,42.950001,45.599998,42.862,45.397999,45.397999,56067500,2,43.397999
36,1/5/17,45.284,45.495998,44.389999,45.349998,45.349998,29558500,3,45.397999
37,1/6/17,45.386002,46.062,45.09,45.801998,45.801998,27639500,4,45.349998
38,1/9/17,45.793999,46.383999,45.599998,46.256001,46.256001,19897500,0,45.801998
39,1/10/17,46.400002,46.400002,45.377998,45.973999,45.973999,18300000,1,46.256001
40,1/11/17,45.813999,45.995998,45.335999,45.945999,45.945999,18254000,2,45.973999
41,1/12/17,45.812,46.139999,45.116001,45.917999,45.917999,18951000,3,45.945999
42,1/13/17,46,47.57,45.917999,47.549999,47.549999,30465000,4,45.917999
43,1/17/17,47.34,47.992001,46.874001,47.116001,47.116001,23087500,1,47.549999
44,1/18/17,47.330002,47.942001,47.116001,47.672001,47.672001,18845000,2,47.116001
45,1/19/17,49.450001,49.736,48.150002,48.751999,48.751999,38661500,3,47.672001
46,1/20/17,49.091999,49.200001,48.602001,48.945999,48.945999,21021500,4,48.751999
47,1/23/17,49.169998,50.178001,49.099998,49.784,49.784,31314500,0,48.945999
48,1/24/17,50,50.959999,49.93,50.922001,50.922001,24827500,1,49.784
49,1/25/17,51.462002,51.692001,50.360001,50.894001,50.894001,25713000,2,50.922001
50,1/26/17,50.858002,51.147999,50.150002,50.501999,50.501999,15760500,3,50.894001
51,1/27/17,50.276001,50.599998,49.703999,50.59,50.59,15831500,4,50.501999
52,1/30/17,50.506001,51.057999,49.419998,50.125999,50.125999,19005500,0,50.59
53,1/31/17,49.848,51.178001,49.540001,50.386002,50.386002,20580500,1,50.125999
54,2/1/17,50.610001,50.639999,49.810001,49.848,49.848,19794000,2,50.386002
55,2/2/17,49.667999,50.484001,49.542,50.310001,50.310001,12499000,3,49.848
56,2/3/17,50.382,50.436001,49.936001,50.265999,50.265999,10933500,4,50.310001
57,2/6/17,50.200001,51.563999,50.125999,51.554001,51.554001,17812500,0,50.265999
58,2/7/17,51.638,52,51.284,51.495998,51.495998,21224000,1,51.554001
59,2/8/17,51.470001,52.672001,51.240002,52.416,52.416,19665000,2,51.495998
60,2/9/17,53.25,54.236,53.23,53.84,53.84,39101000,3,52.416
61,2/10/17,53.958,54.189999,53.222,53.846001,53.846001,18098500,4,53.84
62,2/13/17,54.147999,56.158001,54.102001,56.119999,56.119999,35148000,0,53.846001
63,2/14/17,55.806,57.478001,55.722,56.195999,56.195999,36726000,1,56.119999
64,2/15/17,56,56.448002,55.287998,55.952,55.952,24739500,2,56.195999
65,2/16/17,55.52,56,53.700001,53.790001,53.790001,35386500,3,55.952
66,2/17/17,53.16,54.577999,52.830002,54.445999,54.445999,31285500,4,53.790001
67,2/21/17,55.09,56.279999,54.801998,55.478001,55.478001,28383500,1,54.445999
68,2/22/17,56.062,56.689999,54.52,54.702,54.702,43775000,2,55.478001
69,2/23/17,52.799999,52.931999,51.112,51.198002,51.198002,74576000,3,54.702
70,2/24/17,50.532001,51.650002,50.040001,51.400002,51.400002,40858000,4,51.198002
71,2/27/17,49.633999,49.672001,48.402,49.245998,49.245998,57304000,0,51.400002
72,2/28/17,48.838001,50.200001,48.779999,49.998001,49.998001,30390500,1,49.245998
73,3/1/17,50.835999,50.970001,49.821999,50.004002,50.004002,24047500,2,49.998001
74,3/2/17,49.942001,50.655998,49.653999,50.096001,50.096001,16759000,3,50.004002
75,3/3/17,50.147999,50.380001,49.799999,50.313999,50.313999,14597000,4,50.096001
76,3/6/17,49.582001,50.34,49.501999,50.242001,50.242001,16777500,0,50.313999
77,3/7/17,50.383999,50.778,49.664001,49.717999,49.717999,17297500,1,50.242001
78,3/8/17,49.400002,50.014,49.063999,49.374001,49.374001,18626000,2,49.717999
79,3/9/17,49.526001,49.731998,48.599998,48.98,48.98,19396500,3,49.374001
80,3/10/17,49.242001,49.299999,48.599998,48.737999,48.737999,15331500,4,48.98
81,3/13/17,48.964001,49.369999,48.556,49.234001,49.234001,15113000,0,48.737999
82,3/14/17,49.222,51.624001,49.203999,51.599998,51.599998,37992000,1,49.234001
83,3/15/17,51.400002,52.200001,50.854,51.146,51.146,26654000,2,51.599998
84,3/16/17,52.48,53.150002,51.812,52.41,52.41,35661000,3,51.146
85,3/17/17,52.799999,53.066002,52.240002,52.299999,52.299999,32487500,4,52.41
86,3/20/17,52.119999,52.91,51.764,52.383999,52.383999,18071500,0,52.299999
87,3/21/17,52.566002,52.959999,50.048,50.136002,50.136002,34543000,1,52.383999
88,3/22/17,50.312,51.014,50.102001,51.001999,51.001999,20296500,2,50.136002
89,3/23/17,51.077999,51.534,50.66,50.956001,50.956001,16601000,3,51.001999
90,3/24/17,51.139999,52.778,51.001999,52.632,52.632,28236500,4,50.956001
91,3/27/17,52.119999,54.113998,51.950001,54.043999,54.043999,31154000,0,52.632
92,3/28/17,55.403999,56.136002,55,55.490002,55.490002,39938000,1,54.043999
93,3/29/17,55.667999,55.919998,55.108002,55.476002,55.476002,18381000,2,55.490002
94,3/30/17,55.608002,56.400002,55.442001,55.584,55.584,20742000,3,55.476002
95,3/31/17,55.745998,55.936001,55.264,55.66,55.66,16473000,4,55.584
96,4/3/17,57.380001,59.799999,56.916,59.703999,59.703999,69443000,0,55.66
97,4/4/17,59.377998,60.962002,58.905998,60.740002,60.740002,50673000,1,59.703999
98,4/5/17,60.408001,60.976002,58.84,59,59,39404500,2,60.740002
99,4/6/17,59.375999,60.388,58.82,59.740002,59.740002,27603000,3,59
100,4/7/17,59.5,60.537998,59.43,60.507999,60.507999,22898000,4,59.740002
101,4/10/17,61.830002,62.745998,61.742001,62.478001,62.478001,38322500,0,60.507999
102,4/11/17,62.675999,62.694,61.099998,61.742001,61.742001,28623000,1,62.478001
103,4/12/17,61.268002,61.689999,59.264,59.368,59.368,30253500,2,61.742001
104,4/13/17,59.34,61.478001,59.060001,60.799999,60.799999,46423000,3,59.368
105,4/17/17,60.540001,60.799999,59.736,60.287998,60.287998,20693500,0,60.799999
106,4/18/17,59.939999,60.167999,59.580002,60.049999,60.049999,15178500,1,60.287998
107,4/19/17,60.492001,61.324001,60.422001,61.104,61.104,19490000,2,60.049999
108,4/20/17,61.301998,61.830002,60.046001,60.501999,60.501999,30747000,3,61.104
109,4/21/17,60.400002,61.279999,60.084,61.119999,61.119999,22549000,4,60.501999
110,4/24/17,61.844002,62.110001,61.203999,61.605999,61.605999,25417500,0,61.119999
111,4/25/17,61.599998,62.796001,61.172001,62.757999,62.757999,33688500,1,61.605999
112,4/26/17,62.473999,62.900002,61.799999,62.034,62.034,23475000,2,62.757999
113,4/27/17,62.338001,62.618,61.5,61.726002,61.726002,17343000,3,62.034
114,4/28/17,61.966,62.959999,61.599998,62.813999,62.813999,22527500,4,61.726002
115,5/1/17,62.976002,65.449997,62.962002,64.566002,64.566002,44148000,0,62.813999
116,5/2/17,64.800003,65.531998,63.312,63.778,63.778,26914000,1,64.566002
117,5/3/17,63.534,64.306,62.09,62.203999,62.203999,35667000,2,63.778
118,5/4/17,61.487999,61.554001,58.152,59.091999,59.091999,70760000,3,62.203999
119,5/5/17,59.599998,61.709999,59.360001,61.669998,61.669998,40886500,4,59.091999
120,5/8/17,62.18,62.757999,61.164001,61.438,61.438,35032500,0,61.669998
121,5/9/17,61.875999,64.398003,61.82,64.251999,64.251999,48382500,1,61.438
122,5/10/17,64.311996,65.099998,63.624001,65.043999,65.043999,28708000,2,64.251999
123,5/11/17,64.68,65.199997,63.919998,64.620003,64.620003,23769000,3,65.043999
124,5/12/17,65.096001,65.400002,64.306,64.961998,64.961998,20608000,4,64.620003
125,5/15/17,63.675999,64.040001,62.506001,63.175999,63.175999,38110000,0,64.961998
126,5/16/17,63.518002,64.012001,63.028,63.402,63.402,20762500,1,63.175999
127,5/17/17,62.877998,62.925999,61.099998,61.222,61.222,33559500,2,63.402
128,5/18/17,61.400002,62.787998,61.062,62.612,62.612,28269000,3,61.222
129,5/19/17,63.099998,63.299999,62.040001,62.166,62.166,23438000,4,62.612
130,5/22/17,62.560001,62.874001,61.360001,62.07,62.07,21646000,0,62.166
131,5/23/17,62.091999,62.146,60.695999,60.771999,60.771999,21592000,1,62.07
132,5/24/17,61.301998,62.200001,61.080002,62.043999,62.043999,25166500,2,60.771999
133,5/25/17,62.203999,63.394001,61.562,63.366001,63.366001,25070000,3,62.043999
134,5/26/17,63.456001,65.098,63.262001,65.028,65.028,39011000,4,63.366001
135,5/30/17,65.199997,67.255997,65.152,67.019997,67.019997,38914500,1,65.028
136,5/31/17,67.538002,68.578003,67.031998,68.202003,68.202003,49817000,2,67.019997
137,6/1/17,68.800003,68.975998,67.458,68.073997,68.073997,38040000,3,68.202003
138,6/2/17,67.954002,68.575996,67.185997,67.970001,67.970001,27951000,4,68.073997
139,6/5/17,67.699997,69.688004,66.842003,69.463997,69.463997,33922000,0,67.970001
140,6/6/17,68.940002,71.898003,67.994003,70.57,70.57,55434000,1,69.463997
141,6/7/17,71.267998,72.099998,71.028,71.93,71.93,46990000,2,70.57
142,6/8/17,72.75,74.379997,72.043999,74,74,45307500,3,71.93
143,6/9/17,74.884003,75.374001,70.959999,71.463997,71.463997,86307000,4,74
144,6/12/17,71.598,72.900002,70.124001,71.802002,71.802002,52588500,0,71.463997
145,6/13/17,73.524002,75.199997,73.321999,75.190002,75.190002,59039500,1,71.802002
146,6/14/17,76.218002,76.849998,75.262001,76.132004,76.132004,64092000,2,75.190002
147,6/15/17,74.5,75.092003,73.297997,75.068001,75.068001,52132500,3,76.132004
148,6/16/17,75.596001,75.601997,74.019997,74.279999,74.279999,33655000,4,75.068001
149,6/19/17,75,75.339996,73.559998,73.959999,73.959999,32746500,0,74.279999
150,6/20/17,75.334,75.776001,73.945999,74.447998,74.447998,37193500,1,73.959999
151,6/21/17,74.870003,75.398003,73.603996,75.279999,75.279999,24616000,2,74.447998
152,6/22/17,75.598,77,74.713997,76.522003,76.522003,37649000,3,75.279999
153,6/23/17,76.489998,77.398003,75.870003,76.690002,76.690002,32229000,4,76.522003
154,6/26/17,77.337997,77.389999,74.620003,75.498001,75.498001,33020500,0,76.690002
155,6/27/17,75.279999,75.279999,72.403999,72.473999,72.473999,34982000,1,75.498001
156,6/28/17,73.335999,74.348,72.503998,74.248001,74.248001,31512500,2,72.473999
157,6/29/17,74.122002,74.199997,70.82,72.150002,72.150002,41105000,3,74.248001
158,6/30/17,72.741997,73.353996,71.924004,72.321999,72.321999,29242500,4,72.150002
159,7/3/17,74.047997,74.269997,70.300003,70.524002,70.524002,31527000,0,72.321999
160,7/5/17,69.440002,69.447998,65.265999,65.417999,65.417999,85233500,2,70.524002
161,7/6/17,63.452,64.157997,61.259998,61.765999,61.765999,96622500,3,65.417999
162,7/7/17,62.700001,63.400002,61.476002,62.644001,62.644001,70884500,4,61.765999
163,7/10/17,62.580002,63.588001,60.625999,63.209999,63.209999,69104500,0,62.644001
164,7/11/17,63.200001,65.456001,62.860001,65.444,65.444,57797000,1,63.209999
165,7/12/17,66.080002,66.620003,64.900002,65.903999,65.903999,51730500,2,65.444
166,7/13/17,66.022003,66.32,63.993999,64.681999,64.681999,42972500,3,65.903999
167,7/14/17,64.638,65.683998,64.244003,65.556,65.556,28126000,4,64.681999
168,7/17/17,65.108002,65.419998,62.689999,63.914001,63.914001,49384500,0,65.556
169,7/18/17,63.5,65.825996,63.132,65.648003,65.648003,31868500,1,63.914001
170,7/19/17,65.646004,66.330002,64.643997,65.052002,65.052002,31785000,2,65.648003
171,7/20/17,65.379997,66.043999,64.839996,65.984001,65.984001,25831000,3,65.052002
172,7/21/17,65.891998,66.251999,65.160004,65.68,65.68,24508000,4,65.984001
173,7/24/17,66.047997,68.68,66.001999,68.503998,68.503998,43185500,0,65.68
174,7/25/17,69,69.120003,66.830002,67.919998,67.919998,34946000,1,68.503998
175,7/26/17,68.071999,69.099998,67.624001,68.769997,68.769997,24104000,2,67.919998
176,7/27/17,69.199997,69.5,65.258003,66.891998,66.891998,41512000,3,68.769997
177,7/28/17,67.377998,67.919998,66.501999,67.014,67.014,24402000,4,66.891998
178,7/31/17,67.099998,68.297997,64.208,64.694,64.694,42675500,0,67.014
179,8/1/17,64.599998,64.889999,63.226002,63.914001,63.914001,41515500,1,64.694
180,8/2/17,63.787998,65.424004,62.243999,65.178001,65.178001,65457500,2,63.914001
181,8/3/17,69.066002,70,68.629997,69.417999,69.417999,67675000,3,65.178001
182,8/4/17,69.400002,71.454002,68.660004,71.382004,71.382004,46344500,4,69.417999
183,8/7/17,71.470001,71.896004,70.550003,71.033997,71.033997,31622500,0,71.382004
184,8/8/17,71.505997,73.716003,71.480003,73.043999,73.043999,37249000,1,71.033997
185,8/9/17,72.199997,74,71.790001,72.706001,72.706001,34460500,2,73.043999
186,8/10/17,72.32,73.330002,70.931999,71.080002,71.080002,35464500,3,72.706001
187,8/11/17,71.393997,72.251999,70.723999,71.573997,71.573997,21829000,4,71.080002
188,8/14/17,72.926003,73.531998,72.519997,72.760002,72.760002,22596000,0,71.573997
189,8/15/17,73.040001,73.098,71.874001,72.466003,72.466003,15425500,1,72.760002
190,8/16/17,72.599998,73.300003,72.503998,72.582001,72.582001,17069000,2,72.466003
191,8/17/17,72.241997,72.660004,70.318001,70.384003,70.384003,25138500,3,72.582001
192,8/18/17,70.582001,70.800003,69.160004,69.491997,69.491997,27041000,4,70.384003
193,8/21/17,69.164001,69.164001,66.370003,67.571999,67.571999,32477000,0,69.491997
194,8/22/17,68.225998,68.447998,67.473999,68.269997,68.269997,21610000,1,67.571999
195,8/23/17,67.797997,70.697998,67.660004,70.554001,70.554001,24772500,2,68.269997
196,8/24/17,70.503998,71.332001,69.947998,70.585999,70.585999,22923500,3,70.554001
197,8/25/17,70.848,71.138,69.459999,69.610001,69.610001,17420000,4,70.585999
198,8/28/17,69.456001,69.470001,67.944,69.132004,69.132004,18820000,0,69.610001
199,8/29/17,67.896004,69.809998,67.75,69.472,69.472,20368500,1,69.132004
200,8/30/17,69.933998,70.694,69.400002,70.636002,70.636002,17064500,2,69.472
201,8/31/17,70.709999,71.688004,70.564003,71.18,71.18,20364000,3,70.636002
202,9/1/17,71.223999,71.517998,70.737999,71.080002,71.080002,15247500,4,71.18
203,9/5/17,70.760002,71.098,69.178001,69.917999,69.917999,19175500,1,71.080002
204,9/6/17,69.900002,70.195999,68.311996,68.905998,68.905998,20457000,2,69.917999
205,9/7/17,69.195999,70.496002,68.690002,70.122002,70.122002,21196000,3,68.905998
206,9/8/17,69.797997,69.956001,68.459999,68.68,68.68,16317500,4,70.122002
207,9/11/17,70.269997,72.741997,70,72.737999,72.737999,38335500,0,68.68
208,9/12/17,72.898003,73.751999,72.080002,72.550003,72.550003,29864500,1,72.737999
209,9/13/17,72.764,73.613998,71.917999,73.246002,73.246002,20926000,2,72.550003
210,9/14/17,72.865997,75.592003,72.526001,75.528,75.528,36012500,3,73.246002
211,9/15/17,74.902,76,74.540001,75.961998,75.961998,27102500,4,75.528
212,9/18/17,76.050003,77.921997,75.536003,77,77,35940000,0,75.961998
213,9/19/17,76,76.477997,74.713997,75.019997,75.019997,32259500,1,77
214,9/20/17,74.599998,75.650002,74.213997,74.781998,74.781998,24595500,2,75.019997
215,9/21/17,74.980003,75.365997,72.902,73.295998,73.295998,23091000,3,74.781998
216,9/22/17,73.297997,73.980003,70.176003,70.218002,70.218002,40797000,4,73.295998
217,9/25/17,70.629997,71.494003,68.575996,68.998001,68.998001,38029500,0,70.218002
218,9/26/17,70.185997,70.248001,68.18,69.050003,69.050003,35781500,1,68.998001
219,9/27/17,69.980003,70.297997,68.099998,68.194,68.194,30301500,2,69.050003
220,9/28/17,67.975998,68.550003,67.080002,67.919998,67.919998,26598000,3,68.194
221,9/29/17,68.372002,68.935997,67.720001,68.220001,68.220001,25535500,4,67.919998
222,10/2/17,68.503998,68.739998,67.101997,68.306,68.306,26434000,0,68.220001
223,10/3/17,67.18,69.709999,66.255997,69.627998,69.627998,50768000,1,68.306
224,10/4/17,70.25,71.723999,69.919998,71.001999,71.001999,40817500,2,69.627998
225,10/5/17,71.199997,71.487999,70.269997,71.066002,71.066002,20858500,3,71.001999
226,10/6/17,70.620003,72.019997,70.449997,71.375999,71.375999,21487500,4,71.066002
227,10/9/17,69.93,70.349998,68.533997,68.587997,68.587997,37468500,0,71.375999
228,10/10/17,69.360001,71.125999,69.106003,71.117996,71.117996,34892500,1,68.587997
229,10/11/17,70.778,71.519997,70.230003,70.919998,70.919998,22504000,2,71.117996
230,10/12/17,70.589996,71.956001,70.528,71.136002,71.136002,20435000,3,70.919998
231,10/13/17,71.396004,71.697998,70.736,71.113998,71.113998,17702500,4,71.136002
232,10/16/17,70.751999,70.896004,69.431999,70.120003,70.120003,26877500,0,71.113998
233,10/17/17,70.181999,71.244003,70.014,71.150002,71.150002,16466500,1,70.120003
234,10/18/17,71.194,72.599998,70.825996,71.93,71.93,24695500,2,71.150002
235,10/19/17,71.112,71.43,69.639999,70.362,70.362,25309000,3,71.93
236,10/20/17,70.538002,70.910004,68.867996,69.019997,69.019997,24652000,4,70.362
237,10/23/17,69.975998,69.989998,67.25,67.403999,67.403999,28736500,0,69.019997
238,10/24/17,67.760002,68.559998,67.232002,67.468002,67.468002,22458500,1,67.403999
239,10/25/17,67.339996,67.5,64.711998,65.167999,65.167999,42970500,2,67.468002
240,10/26/17,65.556,66.045998,64.639999,65.234001,65.234001,25117500,3,65.167999
241,10/27/17,63.950001,64.917999,63.332001,64.174004,64.174004,34898500,4,65.234001
242,10/30/17,63.835999,64.755997,63.450001,64.015999,64.015999,21272000,0,64.174004
243,10/31/17,64.045998,66.389999,64.036003,66.306,66.306,28361500,1,64.015999
244,11/1/17,66.449997,66.522003,64.052002,64.216003,64.216003,42286500,2,66.306
245,11/2/17,60.026001,61.737999,58.526001,59.852001,59.852001,98957000,3,64.216003
246,11/3/17,59.900002,61.25,59.026001,61.217999,61.217999,44470000,4,59.852001
247,11/6/17,61.400002,61.5,59.801998,60.556,60.556,32430000,0,61.217999
248,11/7/17,60.203999,61.299999,60.006001,61.209999,61.209999,26471500,1,60.556
249,11/8/17,61.099998,61.377998,60.259998,60.877998,60.877998,23626500,2,61.209999
250,11/9/17,60.5,60.891998,59.259998,60.598,60.598,27235500,3,60.877998
251,11/10/17,60.5,61.672001,60.369999,60.598,60.598,23127000,4,60.598
252,11/13/17,60.026001,63.360001,59.821999,63.080002,63.080002,37924500,0,60.598
253,11/14/17,63,63.27,61.380001,61.740002,61.740002,28380500,1,63.080002
254,11/15/17,61.202,62.498001,60.299999,62.259998,62.259998,29893500,2,61.740002
255,11/16/17,62.798,63.627998,62.259998,62.5,62.5,29110500,3,62.259998
256,11/17/17,65.134003,65.334,62.630001,63.009998,63.009998,68675500,4,62.5
257,11/20/17,62.757999,63.099998,60.950001,61.748001,61.748001,41238500,0,63.009998
258,11/21/17,62.172001,63.646,61.742001,63.562,63.562,36306500,1,61.748001
259,11/22/17,63.354,63.484001,62.368,62.52,62.52,24588000,2,63.562
260,11/24/17,62.757999,63.282001,62.200001,63.110001,63.110001,16220500,4,62.52
261,11/27/17,62.650002,63.467999,61.902,63.362,63.362,22779500,0,63.110001
262,11/28/17,63.271999,64,62.784,63.509998,63.509998,24747500,1,63.362
263,11/29/17,63.459999,63.599998,60.245998,61.507999,61.507999,43837000,2,63.509998
264,11/30/17,61.712002,62.139999,60.908001,61.77,61.77,21758000,3,61.507999
265,12/1/17,61.088001,62.063999,61.009998,61.306,61.306,21464500,4,61.77
266,12/4/17,61.299999,61.653999,60.122002,61.040001,61.040001,29175500,0,61.306
267,12/5/17,60.400002,61.599998,60.200001,60.740002,60.740002,23232500,1,61.040001
268,12/6/17,60.02,62.678001,60,62.652,62.652,35976500,2,60.740002
269,12/7/17,62.400002,63.726002,62.209999,62.248001,62.248001,23903000,3,62.652
270,12/8/17,62.919998,63.396,62.251999,63.026001,63.026001,17342500,4,62.248001
271,12/11/17,62.925999,65.802002,62.75,65.781998,65.781998,39690000,0,63.026001
272,12/12/17,66.089996,68.288002,66.005997,68.206001,68.206001,43666000,1,65.781998
273,12/13/17,68.185997,68.844002,67.300003,67.806,67.806,31107500,2,68.206001
274,12/14/17,68.202003,69.487999,67.379997,67.578003,67.578003,28999500,3,67.806
275,12/15/17,68.407997,68.779999,67.152,68.690002,68.690002,34666000,4,67.578003
276,12/18/17,68.980003,69.346001,67.515999,67.774002,67.774002,27381000,0,68.690002
277,12/19/17,68.052002,68.297997,66.059998,66.220001,66.220001,34125000,1,67.774002
278,12/20/17,66.538002,66.620003,65.008003,65.795998,65.795998,29769000,2,66.220001
279,12/21/17,65.917999,66.748001,65.442001,66.332001,66.332001,21926000,3,65.795998
280,12/22/17,65.902,66.183998,64.963997,65.040001,65.040001,21079000,4,66.332001
281,12/26/17,64.765999,64.788002,63.316002,63.458,63.458,21892000,1,65.040001
282,12/27/17,63.200001,63.535999,62.150002,62.327999,62.327999,23560500,2,63.458
283,12/28/17,62.349998,63.164001,61.908001,63.071999,63.071999,21581500,3,62.327999
284,12/29/17,63.236,63.282001,62,62.27,62.27,18886000,4,63.071999
285,1/2/18,62.400002,64.421997,62.200001,64.106003,64.106003,21761000,1,62.27
286,1/3/18,64.199997,65.050003,63.110001,63.450001,63.450001,22607500,2,64.106003
287,1/4/18,62.574001,63.709999,61.136002,62.924,62.924,49731500,3,63.450001
288,1/5/18,63.324001,63.448002,62.400002,63.316002,63.316002,22956000,4,62.924
289,1/8/18,63.200001,67.403999,63.099998,67.281998,67.281998,49297000,0,63.316002
290,1/9/18,67.031998,67.760002,65.480003,66.737999,66.737999,35733000,1,67.281998
291,1/10/18,66.440002,67.400002,66,66.959999,66.959999,21549500,2,66.737999
292,1/11/18,67.047997,68.961998,66.652,67.589996,67.589996,33227500,3,66.959999
293,1/12/18,67.725998,68.082001,66.734001,67.244003,67.244003,24125500,4,67.589996
294,1/16/18,67.508003,69,66.959999,68.012001,68.012001,32371500,1,67.244003
295,1/17/18,68.094002,69.800003,67.949997,69.431999,69.431999,35517500,2,68.012001
296,1/18/18,69.134003,70.459999,68.748001,68.914001,68.914001,28429000,3,69.431999
297,1/19/18,69,70.117996,68.519997,70.003998,70.003998,24441500,4,68.914001
298,1/22/18,69.879997,71.566002,69.839996,70.311996,70.311996,31052000,0,70.003998
299,1/23/18,72,72.099998,70.199997,70.557999,70.557999,27327000,1,70.311996
300,1/24/18,70.916,70.949997,68.704002,69.178001,69.178001,26437500,2,70.557999
301,1/25/18,69.653999,69.839996,67.279999,67.528,67.528,33701500,3,69.178001
302,1/26/18,68.300003,68.800003,67.141998,68.57,68.57,22697000,4,67.528
303,1/29/18,67.970001,70.169998,67.655998,69.905998,69.905998,23735500,0,68.57
304,1/30/18,69.028,69.653999,68.433998,69.164001,69.164001,23588500,1,69.905998
305,1/31/18,69.501999,71.237999,69.038002,70.862,70.862,31070500,2,69.164001
306,2/1/18,70.199997,71.931999,69.725998,69.849998,69.849998,20988500,3,70.862
307,2/2/18,69.688004,70.389999,68.101997,68.75,68.75,18524000,4,69.849998
308,2/5/18,67.594002,68.893997,66.599998,66.625999,66.625999,22320500,0,68.75
309,2/6/18,65.042,67.244003,64.699997,66.793999,66.793999,25442000,1,66.625999
310,2/7/18,67.797997,69.199997,67.132004,69,69,34846000,2,66.793999
311,2/8/18,68.662003,69.723999,62.919998,63.046001,63.046001,51573000,3,69
312,2/9/18,63.986,64.195999,58.952,62.084,62.084,64668500,4,63.046001
313,2/12/18,63.226002,63.616001,61.25,63.146,63.146,31139000,0,62.084
314,2/13/18,63.004002,64.837997,62.501999,64.732002,64.732002,22801000,1,63.146
315,2/14/18,64.167999,65.234001,63.703999,64.461998,64.461998,19753500,2,64.732002
316,2/15/18,64.900002,66.823997,64.480003,66.814003,66.814003,29564500,3,64.461998
317,2/16/18,66.5,68.624001,66.328003,67.098,67.098,28213000,4,66.814003
318,2/20/18,66.893997,68.167999,66.300003,66.954002,66.954002,20047000,1,67.098
319,2/21/18,67.206001,67.938004,66.634003,66.660004,66.660004,16098000,2,66.954002
320,2/22/18,67.106003,69.487999,66.949997,69.234001,69.234001,34849000,3,66.660004
321,2/23/18,69.566002,70.998001,69.419998,70.410004,70.410004,29087000,4,69.234001
322,2/26/18,70.699997,71.800003,70.472,71.484001,71.484001,21700000,0,70.410004
323,2/27/18,71.25,71.998001,70.001999,70.197998,70.197998,23987000,1,71.484001
324,2/28/18,70.514,71.047997,68.444,68.612,68.612,30348500,2,70.197998
325,3/1/18,69.001999,69.734001,66.014,66.185997,66.185997,34428000,3,68.612
326,3/2/18,65.396004,67.043999,64.594002,67.024002,67.024002,25464000,4,66.185997
327,3/5/18,66.477997,67.550003,65.858002,66.669998,66.669998,19119000,0,67.024002
328,3/6/18,66.75,67.274002,65.405998,65.639999,65.639999,21428500,1,66.669998
329,3/7/18,65.087997,66.5,64.348,66.459999,66.459999,25036500,2,65.639999
330,3/8/18,66.571999,66.660004,65.253998,65.82,65.82,17831000,3,66.459999
331,3/9/18,64.82,65.697998,64.473999,65.433998,65.433998,27534000,4,65.82
332,3/12/18,65.722,69.442001,65.300003,69.101997,69.101997,41320000,0,65.433998
333,3/13/18,65.722,69.442001,65.300003,68.367996,68.367996,29829000,1,69.101997
334,3/14/18,67.351997,67.961998,64.786003,65.325996,65.325996,39837000,2,68.367996
335,3/15/18,65.875999,66.57,64.220001,65.120003,65.120003,32824000,3,65.325996
336,3/16/18,64.585999,65.480003,63.813999,64.269997,64.269997,30586500,4,65.120003
337,3/19/18,63.299999,64.150002,61.933998,62.712002,62.712002,37421500,0,64.269997
338,3/20/18,62.973999,63.25,61.751999,62.110001,62.110001,23821500,1,62.712002
339,3/21/18,62.049999,64.487999,62.037998,63.306,63.306,29792000,2,62.110001
340,3/22/18,62.778,63.764,61.636002,61.82,61.82,24699000,3,63.306
341,3/23/18,62.25,62.25,60.09,60.307999,60.307999,33274500,4,61.82
342,3/26/18,61.467999,61.518002,58.271999,60.835999,60.835999,41876000,0,60.307999
343,3/27/18,60.799999,60.854,55.436001,55.835999,55.835999,69360000,1,60.835999
344,3/28/18,52.916,53.736,50.419998,51.556,51.556,105007000,2,55.835999
345,3/29/18,51.298,54.192001,49.641998,53.226002,53.226002,75853500,3,51.556
346,4/2/18,51.251999,52.066002,48.917999,50.495998,50.495998,80570000,0,53.226002
347,4/3/18,53.964001,54.669998,50.897999,53.506001,53.506001,94222000,1,50.495998
348,4/4/18,50.556,57.674,50.400002,57.388,57.388,99483500,2,53.506001
349,4/5/18,57.868,61.251999,57.639999,61.144001,61.144001,95605500,3,57.388
350,4/6/18,60.200001,61.855999,59.099998,59.860001,59.860001,67601500,4,61.144001
351,4/9/18,60.074001,61.900002,57.841999,57.931999,57.931999,51249000,0,59.860001
352,4/10/18,59.793999,61.419998,58.736,60.939999,60.939999,54949000,1,57.931999
353,4/11/18,60.147999,61.796001,59.931999,60.186001,60.186001,37414500,2,60.939999
354,4/12/18,60.464001,60.790001,58.736,58.816002,58.816002,38044000,3,60.186001
355,4/13/18,60.720001,60.790001,59.195999,60.068001,60.068001,36636000,4,58.816002
356,4/16/18,59.799999,59.931999,57.801998,58.242001,58.242001,31692500,0,60.068001
357,4/17/18,57.773998,58.433998,56.501999,57.537998,57.537998,35000000,1,58.242001
358,4/18/18,58.216,60.048,57.632,58.669998,58.669998,32788500,2,57.537998
359,4/19/18,58.216,60.202,57.709999,60.015999,60.015999,30453000,3,58.669998
360,4/20/18,59.034,59.995998,57.950001,58.048,58.048,28139500,4,60.015999
361,4/23/18,58.257999,58.324001,56.466,56.674,56.674,24467000,0,58.048
362,4/24/18,57,57.417999,55.692001,56.692001,56.692001,28426500,1,56.674
363,4/25/18,56.700001,57.032001,55.450001,56.138,56.138,20068000,2,56.692001
364,4/26/18,55.75,57.158001,55.299999,57.096001,57.096001,21780000,3,56.138
365,4/27/18,57.074001,58.894001,56.765999,58.816002,58.816002,21823000,4,57.096001
366,4/30/18,58.722,59.745998,58.5,58.779999,58.779999,21141000,0,58.816002
367,5/1/18,58.702,60.164001,58.644001,59.984001,59.984001,23128000,1,58.779999
368,5/2/18,59.714001,61.369999,59.556,60.23,60.23,44852000,2,59.984001
369,5/3/18,55.757999,57.608002,55.046001,56.889999,56.889999,86760500,3,60.23
370,5/4/18,56.599998,59.372002,55.903999,58.818001,58.818001,42847000,4,56.889999
371,5/7/18,59.5,61.192001,59.034,60.554001,60.554001,43391000,0,58.818001
372,5/8/18,60.16,61.549999,59.799999,60.394001,60.394001,29650000,1,60.554001
373,5/9/18,60.082001,61.402,60.009998,61.369999,61.369999,28637000,2,60.394001
374,5/10/18,61.5,62.598,60.821999,61.004002,61.004002,28258000,3,61.369999
375,5/11/18,61.540001,61.776001,59.816002,60.212002,60.212002,23398000,4,61.004002
376,5/14/18,60.664001,60.987999,58.324001,58.394001,58.394001,36434000,0,60.212002
377,5/15/18,57.001999,57.391998,56.099998,56.835999,56.835999,47596000,1,58.394001
378,5/16/18,56.765999,57.762001,56.312,57.296001,57.296001,28370000,2,56.835999
379,5/17/18,57.18,57.838001,56.793999,56.908001,56.908001,22103000,3,57.296001
380,5/18/18,56.93,56.93,54.799999,55.363998,55.363998,36259500,4,56.908001
381,5/21/18,56.265999,58.298,56.259998,56.897999,56.897999,45913000,0,55.363998
382,5/22/18,57.551998,57.599998,54.683998,55.001999,55.001999,44729000,1,56.897999
383,5/23/18,55.551998,55.981998,54.799999,55.813999,55.813999,29925500,2,55.001999
384,5/24/18,55.68,56.222,54.978001,55.57,55.57,20883500,3,55.813999
385,5/25/18,55.526001,55.928001,55.122002,55.77,55.77,19375500,4,55.57
386,5/29/18,55.702,57.299999,55.23,56.751999,56.751999,28333000,1,55.77
387,5/30/18,56.658001,59.001999,56.32,58.344002,58.344002,37448500,2,56.751999
388,5/31/18,57.442001,58.074001,56.585999,56.945999,56.945999,29598500,3,58.344002
389,6/1/18,57.172001,58.389999,56.768002,58.363998,58.363998,27122000,4,56.945999
390,6/4/18,58.868,59.799999,58.709999,59.348,59.348,23989000,0,58.363998
391,6/5/18,59.540001,59.560001,57.348,58.226002,58.226002,29976000,1,59.348
392,6/6/18,60.099998,64.433998,59.495998,63.900002,63.900002,93836500,2,58.226002
393,6/7/18,63.23,66,62.716,63.217999,63.217999,71726500,3,63.900002
394,6/8/18,63.799999,64.896004,63.43,63.532001,63.532001,41026000,4,63.217999
395,6/11/18,64.501999,66.931999,64.5,66.419998,66.419998,65917500,0,63.532001
396,6/12/18,68.940002,70.994003,67.599998,68.554001,68.554001,111737000,1,66.419998
397,6/13/18,69.342003,69.440002,67.959999,68.956001,68.956001,47349000,2,68.554001
398,6/14/18,69.526001,71.75,69.32,71.543999,71.543999,54905000,3,68.956001
399,6/15/18,70.767998,72.933998,70.25,71.634003,71.634003,54241500,4,71.543999
400,6/18/18,71.080002,74.746002,70.900002,74.166,74.166,60366000,0,71.634003
401,6/19/18,73.031998,74,69.25,70.510002,70.510002,63809500,1,74.166
402,6/20/18,71.608002,72.875999,70.400002,72.444,72.444,41918500,2,70.510002
403,6/21/18,72.400002,73.241997,69.253998,69.501999,69.501999,39835500,3,72.444
404,6/22/18,70.307999,70.449997,66.400002,66.725998,66.725998,51330500,4,69.501999
405,6/25/18,66.024002,67.694,65.5,66.601997,66.601997,34656500,0,66.725998
406,6/26/18,67.209999,68.709999,65.160004,68.400002,68.400002,37262500,1,66.601997
407,6/27/18,69,70.157997,67.900002,68.900002,68.900002,41668500,2,68.400002
408,6/28/18,69.732002,71.403999,69.222,69.986,69.986,41990000,3,68.900002
409,6/29/18,70.666,70.772003,68.482002,68.589996,68.589996,32462000,4,69.986
410,7/2/18,72.014,72.956001,65.970001,67.014,67.014,93799000,0,68.589996
411,7/3/18,66.349998,66.498001,61.938,62.172001,62.172001,61413000,1,67.014
412,7/5/18,62.751999,62.877998,59.243999,61.832001,61.832001,87382000,3,62.172001
413,7/6/18,60.990002,62.414001,60.400002,61.779999,61.779999,44327500,4,61.832001
414,7/9/18,62.397999,63.703999,61.599998,63.702,63.702,37984000,0,61.779999
415,7/10/18,64.912003,65.536003,63.84,64.494003,64.494003,47357500,1,63.702
416,7/11/18,63.16,64.388,63.014,63.792,63.792,24420500,2,64.494003
417,7/12/18,64.286003,64.646004,62.554001,63.341999,63.341999,28606000,3,63.792
418,7/13/18,63.116001,63.916,61.849998,63.773998,63.773998,29349000,4,63.341999
419,7/16/18,62.341999,63.032001,61.25,62.02,62.02,39093500,0,63.773998
420,7/17/18,61.762001,64.947998,61.700001,64.538002,64.538002,34981000,1,62.02
421,7/18/18,65,65.099998,63.25,64.769997,64.769997,28121000,2,64.538002
422,7/19/18,63.265999,64.708,62.801998,64.045998,64.045998,29576500,3,64.769997
423,7/20/18,64.246002,64.648003,62.341999,62.716,62.716,25811000,4,64.045998
424,7/23/18,60.368,61.099998,58.571999,60.639999,60.639999,54964500,0,62.716
425,7/24/18,60.883999,61.543999,58.509998,59.486,59.486,47954000,1,60.639999
426,7/25/18,59.348,61.924,58.900002,61.748001,61.748001,35377000,2,59.486
427,7/26/18,60.970001,62.139999,60.728001,61.330002,61.330002,23152500,3,61.748001
428,7/27/18,61.450001,61.537998,59.068001,59.436001,59.436001,28516500,4,61.330002
429,7/30/18,59.18,59.220001,57.226002,58.034,58.034,34070500,0,59.436001
430,7/31/18,58.450001,59.664001,57.813999,59.627998,59.627998,25384500,1,58.034
431,8/1/18,59.598,60.599998,58.599998,60.167999,60.167999,50647000,2,59.627998
432,8/2/18,65.688004,69.998001,64.632004,69.907997,69.907997,116075000,3,60.167999
433,8/3/18,69.561996,71,68.505997,69.634003,69.634003,68282500,4,69.907997
434,8/6/18,69.092003,70.996002,68.363998,68.398003,68.398003,42821500,0,69.634003
435,8/7/18,68.767998,77.491997,67.830002,75.914001,75.914001,154379000,1,68.398003
436,8/8/18,73.818001,76.528,73.424004,74.068001,74.068001,122856000,2,75.914001
437,8/9/18,73.110001,73.402,69.146004,70.489998,70.489998,85919000,3,74.068001
438,8/10/18,70.800003,72,69.199997,71.098,71.098,57760000,4,70.489998
439,8/13/18,72.225998,72.638,69.804001,71.281998,71.281998,52319500,0,71.098
440,8/14/18,71.690002,71.839996,69.419998,69.528,69.528,34932000,1,71.281998
441,8/15/18,68.382004,68.898003,66.428001,67.737999,67.737999,45506500,2,69.528
442,8/16/18,67.982002,68.456001,66.764,67.089996,67.089996,30320000,3,67.737999
443,8/17/18,64.699997,65.353996,60.706001,61.099998,61.099998,94793000,4,67.089996
444,8/20/18,58.34,61.700001,57.639999,61.688,61.688,87011500,0,61.099998
445,8/21/18,62.122002,64.958,61.799999,64.379997,64.379997,65861000,1,61.688
446,8/22/18,64.174004,64.776001,62.933998,64.328003,64.328003,29730000,2,64.379997
447,8/23/18,63.827999,65.463997,63.619999,64.019997,64.019997,25736500,3,64.328003
448,8/24/18,64.139999,64.769997,63.880001,64.564003,64.564003,18013000,4,64.019997
449,8/27/18,63.599998,64.487999,61.762001,63.854,63.854,65396500,0,64.564003
450,8/28/18,63.681999,63.776001,62.237999,62.372002,62.372002,38245500,1,63.854
451,8/29/18,62.054001,62.369999,60.737999,61.001999,61.001999,37237000,2,62.372002
452,8/30/18,60.452,60.919998,59.543999,60.630001,60.630001,36083500,3,61.001999
453,8/31/18,60.400002,61.062,59.720001,60.332001,60.332001,26875500,4,60.630001
454,9/4/18,59.388,59.638,57.599998,57.790001,57.790001,41752500,1,60.332001
455,9/5/18,57.009998,57.355999,55.436001,56.147999,56.147999,38604000,2,57.790001
456,9/6/18,56.959999,58.234001,55.776001,56.189999,56.189999,37404000,3,56.147999
457,9/7/18,52.02,53.669998,50.450001,52.647999,52.647999,112459500,4,56.189999
458,9/10/18,54.652,57.206001,54.200001,57.099998,57.099998,71417500,0,52.647999
459,9/11/18,55.894001,56.400002,54.709999,55.888,55.888,45850000,1,57.099998
460,9/12/18,56.287998,58.5,55.73,58.108002,58.108002,50077000,2,55.888
461,9/13/18,57.604,59,57.035999,57.891998,57.891998,31701500,3,58.108002
462,9/14/18,57.751999,59.466,57.304001,59.040001,59.040001,33828000,4,57.891998
463,9/17/18,58.007999,60.174,57.625999,58.967999,58.967999,34438000,0,59.040001
464,9/18/18,59.338001,60.528,55.099998,56.992001,56.992001,82737500,1,58.967999
465,9/19/18,56.102001,60,56.099998,59.804001,59.804001,41474500,2,56.992001
466,9/20/18,60.712002,61.195999,58.666,59.666,59.666,36747000,3,59.804001
467,9/21/18,59.540001,60.116001,59.074001,59.82,59.82,25252500,4,59.666
468,9/24/18,59.695999,60.599998,58.716,59.936001,59.936001,24215000,0,59.82
469,9/25/18,60,60.919998,59.299999,60.198002,60.198002,22408500,1,59.936001
470,9/26/18,60.382,62.778,60.222,61.916,61.916,39216000,2,60.198002
471,9/27/18,62.580002,62.992001,61.382,61.504002,61.504002,42545500,3,61.916
472,9/28/18,54.051998,55.599998,52.112,52.953999,52.953999,168248500,4,61.504002
473,10/1/18,61.153999,62.287998,60.209999,62.139999,62.139999,108888000,0,52.953999
474,10/2/18,62.790001,63.368,59.830002,60.203999,60.203999,58717500,1,62.139999
475,10/3/18,60.666,60.919998,58.313999,58.959999,58.959999,39975000,2,60.203999
476,10/4/18,58.790001,58.799999,55.534,56.366001,56.366001,49071000,3,58.959999
477,10/5/18,54.93,54.976002,52,52.389999,52.389999,89722500,4,56.366001
478,10/8/18,52.903999,53.551998,49.799999,50.112,50.112,67363500,0,52.389999
479,10/9/18,51.049999,53.354,50.66,52.560001,52.560001,60303000,1,50.112
480,10/10/18,52.922001,53.102001,49.554001,51.375999,51.375999,64076500,2,52.560001
481,10/11/18,51.506001,52.450001,49.806,50.445999,50.445999,40838500,3,51.375999
482,10/12/18,52.200001,52.397999,50.402,51.756001,51.756001,36007000,4,50.445999
483,10/15/18,51.812,52.655998,50.908001,51.917999,51.917999,31000000,0,51.756001
484,10/16/18,53.139999,55.476002,52.448002,55.318001,55.318001,47632000,1,51.917999
485,10/17/18,56.48,56.540001,53.16,54.355999,54.355999,43277500,2,55.318001
486,10/18/18,53.858002,54.200001,52.599998,52.782001,52.782001,27106000,3,54.355999
487,10/19/18,53.478001,53.931999,50.700001,52,52,46877500,4,52.782001
488,10/22/18,52.136002,52.372002,50.518002,52.189999,52.189999,28001500,0,52
489,10/23/18,52.773998,59.585999,52.419998,58.827999,58.827999,95139000,1,52.189999
490,10/24/18,60.209999,60.888,57.146,57.700001,57.700001,100291500,2,58.827999
491,10/25/18,63.444,64.199997,60.202,62.972,62.972,104203500,3,57.700001
492,10/26/18,61.650002,67.980003,61.330002,66.18,66.18,137127500,4,62.972
493,10/29/18,67.494003,69.431999,65.300003,66.970001,66.970001,72430000,0,66.18
494,10/30/18,65.678001,67.580002,64.452003,65.980003,65.980003,45633500,1,66.970001
495,10/31/18,66.508003,68.400002,65.82,67.463997,67.463997,38121500,2,65.980003
496,11/1/18,67.652,69.568001,66.945999,68.856003,68.856003,40000500,3,67.463997
497,11/2/18,68.748001,69.839996,68.181999,69.281998,69.281998,39040000,4,68.856003
498,11/5/18,68.099998,68.792,66.028,68.279999,68.279999,39155000,0,69.281998
499,11/6/18,67.814003,69.760002,67.218002,68.211998,68.211998,33814500,1,68.279999
500,11/7/18,68.667999,70.236,68.160004,69.632004,69.632004,36872500,2,68.211998
501,11/8/18,69.699997,71.515999,69.688004,70.279999,70.279999,35453500,3,69.632004
502,11/9/18,69.800003,70.800003,69.045998,70.101997,70.101997,25494000,4,70.279999
503,11/12/18,69.674004,69.956001,66.068001,66.255997,66.255997,34707500,0,70.101997
504,11/13/18,66.632004,68.940002,66.440002,67.746002,67.746002,27243000,1,66.255997
505,11/14/18,68.540001,69.421997,67.43,68.800003,68.800003,25201500,2,67.746002
506,11/15/18,68.466003,69.716003,67.807999,69.688004,69.688004,23128500,3,68.800003
507,11/16/18,69.038002,71.139999,69.024002,70.862,70.862,36031000,4,69.688004
508,11/19/18,71.267998,73.349998,70.575996,70.694,70.694,48544500,0,70.862
509,11/20/18,68.349998,69.959999,66.709999,69.498001,69.498001,40023500,1,70.694
510,11/21/18,70.400002,70.620003,67.480003,67.638,67.638,23434000,2,69.498001
511,11/23/18,66.870003,67.5,65.110001,65.166,65.166,21013000,4,67.638
512,11/26/18,65,69.244003,65,69.199997,69.199997,39960500,0,65.166
513,11/27/18,68.010002,69.391998,67.099998,68.783997,68.783997,31791500,1,69.199997
514,11/28/18,69.197998,69.655998,68.442001,69.573997,69.573997,20638000,2,68.783997
515,11/29/18,69.400002,69.5,67.910004,68.234001,68.234001,15403500,3,69.573997
516,11/30/18,68.365997,70.32,67.652,70.096001,70.096001,28145500,4,68.234001
517,12/3/18,72,73.199997,70.400002,71.697998,71.697998,41532500,0,70.096001
518,12/4/18,71.209999,73.736,70.400002,71.940002,71.940002,42309500,1,71.697998
519,12/6/18,71.202003,73.475998,70.152,72.612,72.612,39212500,3,71.940002
520,12/7/18,73.800003,75.898003,71.529999,71.594002,71.594002,57556000,4,72.612
521,12/10/18,72,73.195999,70.624001,73.029999,73.029999,33067500,0,71.594002
522,12/11/18,73.982002,74.433998,72.045998,73.351997,73.351997,31544000,1,73.029999
523,12/12/18,73.884003,74.382004,73.031998,73.32,73.32,25135000,2,73.351997
524,12/13/18,74.029999,75.487999,73.349998,75.358002,75.358002,36829500,3,73.32
525,12/14/18,75,75.573997,72.865997,73.141998,73.141998,31688000,4,75.358002
526,12/17/18,72.400002,73.139999,68.776001,69.683998,69.683998,38370000,0,73.141998
527,12/18/18,70.108002,70.309998,66.737999,67.405998,67.405998,35500000,1,69.683998
528,12/19/18,67.519997,69.402,65.947998,66.594002,66.594002,41371000,2,67.405998
529,12/20/18,65.410004,66.057999,62.374001,63.076,63.076,45359500,3,66.594002
530,12/21/18,63.48,64.694,62.487999,63.953999,63.953999,40084000,4,63.076
531,12/24/18,62.700001,62.900002,59.040001,59.077999,59.077999,27799500,0,63.953999
532,12/26/18,60,65.393997,58.818001,65.218002,65.218002,40815500,2,59.077999
533,12/27/18,63.967999,64.433998,60.299999,63.226002,63.226002,42875500,3,65.218002
534,12/28/18,64.620003,67.248001,63.681999,66.774002,66.774002,49695000,4,63.226002
535,12/31/18,67.557999,67.842003,65.052002,66.559998,66.559998,31511500,0,66.774002
536,1/2/19,61.220001,63.026001,59.759998,62.023998,62.023998,58293000,2,66.559998
537,1/3/19,61.400002,61.880001,59.476002,60.071999,60.071999,34826000,3,62.023998
538,1/4/19,61.200001,63.599998,60.546001,63.537998,63.537998,36970500,4,60.071999
539,1/7/19,64.344002,67.348,63.549999,66.991997,66.991997,37756000,0,63.537998
540,1/8/19,68.391998,68.802002,65.403999,67.07,67.07,35042500,1,66.991997
541,1/9/19,67.099998,68.699997,66.293999,67.706001,67.706001,27164500,2,67.07
542,1/10/19,66.879997,69.078003,66.358002,68.994003,68.994003,30282000,3,67.706001
543,1/11/19,68.417999,69.681999,67.753998,69.452003,69.452003,25195500,4,68.994003
544,1/14/19,68.475998,68.5,66.800003,66.879997,66.879997,26236500,0,69.452003
545,1/15/19,67,69.760002,66.900002,68.886002,68.886002,30283000,1,66.879997
546,1/16/19,68.956001,70.400002,68.699997,69.209999,69.209999,23458500,2,68.886002
547,1/17/19,69.241997,70.300003,68.830002,69.461998,69.461998,18383500,3,69.209999
548,1/18/19,64.599998,65.426003,59.945999,60.452,60.452,120754000,4,69.461998
549,1/22/19,60.964001,61.599998,59.099998,59.784,59.784,60333500,1,60.452
550,1/23/19,58.5,58.900002,56.338001,57.518002,57.518002,62650000,2,59.784
551,1/24/19,56.605999,58.736,55.855999,58.301998,58.301998,40061000,3,57.518002
552,1/25/19,58.877998,59.703999,57.91,59.408001,59.408001,36248000,4,58.301998
553,1/28/19,58.582001,59.492001,57.549999,59.276001,59.276001,32116500,0,59.408001
554,1/29/19,59.054001,59.712002,58.360001,59.492001,59.492001,23108500,1,59.276001
555,1/30/19,60.09,61.799999,59.698002,61.754002,61.754002,56251500,2,59.492001
556,1/31/19,60.200001,62.312,58.799999,61.403999,61.403999,62846000,3,61.754002
557,2/1/19,61.084,63.220001,60.700001,62.442001,62.442001,36417000,4,61.403999
558,2/4/19,62.596001,63.060001,60.375999,62.577999,62.577999,36760500,0,62.442001
559,2/5/19,62.498001,64.487999,62.450001,64.269997,64.269997,33714000,1,62.577999
560,2/6/19,63.917999,64.848,63.124001,63.444,63.444,25192500,2,64.269997
561,2/7/19,62.66,62.939999,60.599998,61.501999,61.501999,32603000,3,63.444
562,2/8/19,61.366001,61.490002,59.700001,61.16,61.16,29221000,4,61.501999
563,2/11/19,62.32,63.720001,62.099998,62.568001,62.568001,35648500,0,61.16
564,2/12/19,63.240002,63.638,61.924,62.362,62.362,27588000,1,62.568001
565,2/13/19,62.470001,62.549999,61.113998,61.633999,61.633999,25708000,2,62.362
566,2/14/19,60.675999,61.354,60.200001,60.754002,60.754002,26004000,3,61.633999
567,2/15/19,60.900002,61.599998,60.779999,61.576,61.576,19524500,4,60.754002
568,2/19/19,61.312,62.307999,61.094002,61.127998,61.127998,20842000,1,61.576
569,2/20/19,60.882,61.259998,59.799999,60.512001,60.512001,35710500,2,61.127998
570,2/21/19,60.362,60.647999,58.099998,58.245998,58.245998,44546000,3,60.512001
571,2/22/19,58.897999,59.299999,58.419998,58.942001,58.942001,28703000,4,58.245998
572,2/25/19,59.582001,60.580002,59.400002,59.754002,59.754002,33132500,0,58.942001
573,2/26/19,58.444,60.402,57.754002,59.571999,59.571999,42912500,1,59.754002
574,2/27/19,60.355999,63.259998,60.110001,62.948002,62.948002,55919500,2,59.571999
575,2/28/19,63.784,64,62.161999,63.976002,63.976002,52603500,3,62.948002
576,3/1/19,61.388,61.425999,58.380001,58.958,58.958,114557000,4,63.976002
577,3/4/19,59.624001,59.799999,56.556,57.071999,57.071999,85484000,0,58.958
578,3/5/19,56.400002,56.799999,54.02,55.307999,55.307999,93823500,1,57.071999
579,3/6/19,55.296001,56.301998,54.877998,55.248001,55.248001,51677500,2,55.307999
580,3/7/19,55.768002,56.939999,54.849998,55.318001,55.318001,47212500,3,55.248001
581,3/8/19,55.382,57.118,55.178001,56.827999,56.827999,44098000,4,55.318001
582,3/11/19,56.703999,58.256001,56.099998,58.183998,58.183998,36961500,0,56.827999
583,3/12/19,57.298,57.613998,56.212002,56.672001,56.672001,37520500,1,58.183998
584,3/13/19,56.779999,58.397999,56.540001,57.792,57.792,34223500,2,56.672001
585,3/14/19,58.490002,59.077999,57.658001,57.992001,57.992001,35517000,3,57.792
586,3/15/19,56.702,56.743999,54.880001,55.085999,55.085999,73927500,4,57.992001
587,3/18/19,55.200001,55.610001,53.459999,53.897999,53.897999,51405000,0,55.085999
588,3/19/19,53.5,54.66,52.692001,53.493999,53.493999,59003000,1,53.897999
589,3/20/19,53.938,54.993999,53.259998,54.720001,54.720001,34541000,2,53.493999
590,3/21/19,54.52,55.290001,53.689999,54.804001,54.804001,29735500,3,54.720001
591,3/22/19,54.515999,54.560001,52.799999,52.905998,52.905998,43728000,4,54.804001
592,3/25/19,51.942001,52.636002,50.891998,52.084,52.084,51075000,0,52.905998
593,3/26/19,52.888,54.051998,52.886002,53.554001,53.554001,36754500,1,52.084
594,3/27/19,53.75,55.074001,53.636002,54.966,54.966,43896000,2,53.554001
595,3/28/19,55.431999,56.066002,55.02,55.723999,55.723999,33870500,3,54.966
596,3/29/19,55.740002,56.032001,54.900002,55.972,55.972,29956500,4,55.723999
597,4/1/19,56.523998,57.84,56.256001,57.835999,57.835999,40552000,0,55.972
598,4/2/19,57.66,57.888,56.776001,57.175999,57.175999,27394500,1,57.835999
599,4/3/19,57.464001,59.234001,57.433998,58.362,58.362,39597000,2,57.175999
600,4/4/19,52.377998,54.240002,52.118,53.556,53.556,118603500,3,58.362
601,4/5/19,53.972,55.220001,53.222,54.992001,54.992001,65191500,4,53.556
602,4/8/19,55.537998,56.231998,54.088001,54.639999,54.639999,52052000,0,54.992001
603,4/9/19,54.330002,55,53.922001,54.462002,54.462002,29520000,1,54.639999
604,4/10/19,55.348,55.675999,54.577999,55.212002,55.212002,35306500,2,54.462002
605,4/11/19,53.66,54.099998,53.119999,53.683998,53.683998,49179500,3,55.212002
606,4/12/19,54.043999,54.389999,53.366001,53.540001,53.540001,33730000,4,53.683998
607,4/15/19,53.726002,53.776001,51.726002,53.276001,53.276001,50193000,0,53.540001
608,4/16/19,53.150002,55,52.944,54.672001,54.672001,36364500,1,53.276001
609,4/17/19,54.950001,54.958,53.708,54.245998,54.245998,25632500,2,54.672001
610,4/18/19,54.245998,54.967999,53.950001,54.652,54.652,29381500,3,54.245998
611,4/22/19,53.799999,53.936001,52.495998,52.549999,52.549999,60735500,0,54.652
612,4/23/19,52.029999,53.119999,51.150002,52.779999,52.779999,54719500,1,52.549999
613,4/24/19,52.77,53.063999,51.599998,51.731998,51.731998,53637500,2,52.779999
614,4/25/19,51,51.799999,49.214001,49.526001,49.526001,109247000,3,51.731998
615,4/26/19,49.299999,49.335999,46.226002,47.028,47.028,111803500,4,49.526001
616,4/29/19,47.172001,48.796001,46.433998,48.293999,48.293999,83572500,0,47.028
617,4/30/19,48.411999,48.841999,47.400002,47.737999,47.737999,47323000,1,48.293999
618,5/1/19,47.77,48,46.299999,46.801998,46.801998,53522000,2,47.737999
619,5/2/19,49.104,49.425999,47.543999,48.82,48.82,90796500,3,46.801998
620,5/3/19,48.771999,51.321999,48.698002,51.006001,51.006001,118534000,4,48.82
621,5/6/19,50.004002,51.669998,49.700001,51.068001,51.068001,54169500,0,51.006001
622,5/7/19,51.360001,51.442001,49.02,49.411999,49.411999,50657000,1,51.068001
623,5/8/19,49.388,50.119999,48.84,48.967999,48.967999,30882000,2,49.411999
624,5/9/19,48.400002,48.736,47.388,48.396,48.396,33557000,3,48.967999
625,5/10/19,47.950001,48.397999,47.203999,47.903999,47.903999,35041500,4,48.396
626,5/13/19,46.402,46.493999,44.900002,45.402,45.402,54174000,0,47.903999
627,5/14/19,45.860001,46.900002,45.599998,46.462002,46.462002,36262000,1,45.402
628,5/15/19,45.863998,46.487999,45.049999,46.389999,46.389999,36480000,2,46.462002
629,5/16/19,45.897999,46.200001,45.299999,45.666,45.666,37416500,3,46.389999
630,5/17/19,44.391998,44.448002,41.784,42.206001,42.206001,88933500,4,45.666
631,5/20/19,40.560001,41.200001,39.049999,41.071999,41.071999,102631000,0,42.206001
632,5/21/19,39.551998,41.48,39.208,41.015999,41.015999,90019500,1,41.071999
633,5/22/19,39.82,40.787998,38.355999,38.546001,38.546001,93426000,2,41.015999
634,5/23/19,38.868,39.894001,37.243999,39.098,39.098,132735500,3,38.546001
635,5/24/19,39.966,39.995998,37.75,38.125999,38.125999,70683000,4,39.098
636,5/28/19,38.240002,39,37.57,37.740002,37.740002,51564500,1,38.125999
637,5/29/19,37.419998,38.478001,37.007999,37.972,37.972,59843000,2,37.740002
638,5/30/19,37.75,38.452,37.403999,37.644001,37.644001,39632500,3,37.972
639,5/31/19,37.02,37.984001,36.82,37.032001,37.032001,52033500,4,37.644001
640,6/3/19,37.102001,37.335999,35.397999,35.793999,35.793999,65322000,0,37.032001
641,6/4/19,36.220001,38.796001,35.922001,38.720001,38.720001,69037500,1,35.793999
642,6/5/19,39.736,40.256001,38.369999,39.318001,39.318001,67554000,2,38.720001
643,6/6/19,40.888,42.200001,40.360001,41.189999,41.189999,101211000,3,39.318001
644,6/7/19,41,42.167999,40.700001,40.900002,40.900002,80017500,4,41.189999
645,6/10/19,42.049999,43.388,41.801998,42.576,42.576,52925000,0,40.900002
646,6/11/19,43.827999,44.18,42.700001,43.419998,43.419998,58267500,1,42.576
647,6/12/19,44.59,44.675999,41.799999,41.852001,41.852001,75987500,2,43.419998
648,6/13/19,42.076,42.98,41.501999,42.782001,42.782001,40841500,3,41.852001
649,6/14/19,42.25,43.330002,42.080002,42.984001,42.984001,37167000,4,42.782001
650,6/17/19,43.096001,45.400002,42.854,45.006001,45.006001,61584000,0,42.984001
651,6/18/19,45.743999,46.948002,44.512001,44.948002,44.948002,63579000,1,45.006001
652,6/19/19,45.021999,45.554001,44.212002,45.285999,45.285999,32875500,2,44.948002
653,6/20/19,44.599998,45.380001,43.27,43.924,43.924,59317500,3,45.285999
654,6/21/19,43.243999,44.436001,43.099998,44.372002,44.372002,41010500,4,43.924
655,6/24/19,44.647999,45.172001,44.203999,44.728001,44.728001,28754000,0,44.372002
656,6/25/19,44.877998,45.068001,43.897999,43.952,43.952,30910500,1,44.728001
657,6/26/19,44.062,45.445999,43.619999,43.854,43.854,42536000,2,43.952
658,6/27/19,43.889999,44.580002,43.470001,44.568001,44.568001,31698500,3,43.854
659,6/28/19,44.198002,45.034,44.16,44.692001,44.692001,34257000,4,44.568001
660,7/1/19,46.042,46.619999,45.256001,45.433998,45.433998,41067000,0,44.692001
661,7/2/19,45.778,45.830002,44.444,44.91,44.91,46295000,1,45.433998
662,7/3/19,47.877998,48.313999,46.902,46.98,46.98,71005500,2,44.91
663,7/5/19,46.914001,47.09,46.16,46.619999,46.619999,35328500,4,46.98
664,7/8/19,46.248001,46.450001,45.731998,46.068001,46.068001,29402500,0,46.619999
665,7/9/19,45.793999,46.200001,45.456001,46.012001,46.012001,30954000,1,46.068001
666,7/10/19,46.830002,47.787998,46.627998,47.784,47.784,45728500,2,46.012001
667,7/11/19,47.627998,48.299999,47.16,47.720001,47.720001,37572000,3,47.784
668,7/12/19,47.950001,49.076,47.942001,49.015999,49.015999,46002500,4,47.720001
669,7/15/19,49.599998,50.883999,48.972,50.700001,50.700001,55000500,0,49.015999
670,7/16/19,49.860001,50.706001,49.585999,50.476002,50.476002,40745000,1,50.700001
671,7/17/19,51.133999,51.661999,50.669998,50.972,50.972,48823500,2,50.476002
672,7/18/19,51.009998,51.150002,50.377998,50.708,50.708,23793000,3,50.972
673,7/19/19,51.138,51.992001,50.924,51.636002,51.636002,35242000,4,50.708
674,7/22/19,51.75,52.43,50.838001,51.136002,51.136002,34212000,0,51.636002
675,7/23/19,51.341999,52.096001,50.900002,52.034,52.034,25115500,1,51.136002
676,7/24/19,51.834,53.214001,51.632,52.976002,52.976002,55364000,2,52.034
677,7/25/19,46.700001,46.900002,45.110001,45.764,45.764,112091500,3,52.976002
678,7/26/19,45.383999,46.051998,44.450001,45.608002,45.608002,50138500,4,45.764
679,7/29/19,45.417999,47.188,45.206001,47.153999,47.153999,46366500,0,45.608002
680,7/30/19,46.580002,48.672001,46.436001,48.452,48.452,40545000,1,47.153999
681,7/31/19,48.599998,49.335999,47.330002,48.321999,48.321999,45891000,2,48.452
682,8/1/19,48.529999,48.902,46.354,46.77,46.77,41297500,3,48.321999
683,8/2/19,46.27,47.254002,45.846001,46.868,46.868,30682500,4,46.77
684,8/5/19,45.919998,46.273998,45.155998,45.664001,45.664001,35141500,0,46.868
685,8/6/19,46.375999,46.5,45.150002,46.150002,46.150002,27821000,1,45.664001
686,8/7/19,45.299999,46.714001,45.16,46.683998,46.683998,23882500,2,46.150002
687,8/8/19,46.889999,47.959999,46.529999,47.66,47.66,26371500,3,46.683998
688,8/9/19,47.209999,47.792,46.762001,47.001999,47.001999,19491000,4,47.66
689,8/12/19,46.598,47.153999,45.75,45.801998,45.801998,23319500,0,47.001999
690,8/13/19,45.762001,47.200001,45.509998,47,47,24240500,1,45.801998
691,8/14/19,46.242001,46.299999,43.338001,43.924,43.924,47813000,2,47
692,8/15/19,44.172001,44.312,42.310001,43.127998,43.127998,40798000,3,43.924
693,8/16/19,43.332001,44.448002,43.203999,43.987999,43.987999,25492500,4,43.127998
694,8/19/19,44.841999,45.566002,44.34,45.366001,45.366001,26548000,0,43.987999
695,8/20/19,45.523998,45.818001,44.908001,45.172001,45.172001,20626000,1,45.366001
696,8/21/19,44.402,44.644001,43.52,44.166,44.166,38971500,2,45.172001
697,8/22/19,44.560001,45.080002,43.644001,44.43,44.43,32795000,3,44.166
698,8/23/19,43.993999,44.234001,42.200001,42.279999,42.279999,42693000,4,44.43
699,8/26/19,42.720001,43.004002,42.307999,43,43,25259500,0,42.279999
700,8/27/19,43.147999,43.759998,42.405998,42.816002,42.816002,27081000,1,43
701,8/28/19,42.737999,43.450001,42.462002,43.118,43.118,16127500,2,42.816002
702,8/29/19,43.799999,44.68,43.599998,44.341999,44.341999,25897500,3,43.118
703,8/30/19,45.830002,46.487999,44.841999,45.122002,45.122002,46603000,4,44.341999
704,9/3/19,44.816002,45.790001,44.632,45.001999,45.001999,26770500,1,45.122002
705,9/4/19,45.377998,45.692001,43.841999,44.136002,44.136002,28805000,2,45.001999
706,9/5/19,44.5,45.959999,44.169998,45.916,45.916,36976500,3,44.136002
707,9/6/19,45.439999,45.928001,45.034,45.490002,45.490002,20947000,4,45.916
708,9/9/19,46,46.751999,45.846001,46.358002,46.358002,24013500,0,45.490002
709,9/10/19,46.16,47.108002,45.787998,47.108002,47.108002,24418500,1,46.358002
710,9/11/19,47.476002,49.633999,47.200001,49.419998,49.419998,50214000,2,47.108002
711,9/12/19,49.540001,50.700001,48.880001,49.174,49.174,42906000,3,49.419998
712,9/13/19,49.391998,49.689999,48.973999,49.040001,49.040001,26565500,4,49.174
713,9/16/19,49.200001,49.486,48.234001,48.562,48.562,23640500,0,49.040001
714,9/17/19,48.493999,49.119999,48.074001,48.958,48.958,19327000,1,48.562
715,9/18/19,49,49.633999,48.473999,48.698002,48.698002,20851000,2,48.958
716,9/19/19,49.200001,49.588001,48.967999,49.32,49.32,23979000,3,48.698002
717,9/20/19,49.298,49.389999,47.632,48.124001,48.124001,31765000,4,49.32
718,9/23/19,48,49.035999,47.844002,48.245998,48.245998,21701000,0,48.124001
719,9/24/19,48.304001,48.397999,44.521999,44.641998,44.641998,64457500,1,48.245998
720,9/25/19,44.911999,45.796001,43.672001,45.740002,45.740002,47135500,2,44.641998
721,9/26/19,46.132,48.661999,45.48,48.512001,48.512001,59422500,3,45.740002
722,9/27/19,48.439999,49.742001,47.745998,48.425999,48.425999,55582000,4,48.512001
723,9/30/19,48.599998,48.796001,47.222,48.174,48.174,29399000,0,48.425999
724,10/1/19,48.299999,49.189999,47.826,48.938,48.938,30813000,1,48.174
725,10/2/19,48.658001,48.93,47.886002,48.625999,48.625999,28157000,2,48.938
726,10/3/19,46.372002,46.896,44.855999,46.605999,46.605999,75422500,3,48.625999
727,10/4/19,46.321999,46.956001,45.613998,46.285999,46.285999,39975000,4,46.605999
728,10/7/19,45.959999,47.712002,45.709999,47.543999,47.543999,40321000,0,46.285999
729,10/8/19,47.174,48.787998,46.900002,48.009998,48.009998,43391000,1,47.543999
730,10/9/19,48.264,49.459999,48.130001,48.905998,48.905998,34472000,2,48.009998
731,10/10/19,49.056,49.855999,48.316002,48.948002,48.948002,31416500,3,48.905998
732,10/11/19,49.43,50.216,49.362,49.577999,49.577999,42377000,4,48.948002
733,10/14/19,49.580002,51.709999,49.425999,51.391998,51.391998,51025000,0,49.577999
734,10/15/19,51.540001,52,50.824001,51.577999,51.577999,32164000,1,51.391998
735,10/16/19,51.478001,52.419998,51.383999,51.950001,51.950001,33420500,2,51.577999
736,10/17/19,52.5,52.956001,52.034,52.394001,52.394001,23846500,3,51.950001
737,10/18/19,52.139999,52.560001,51.02,51.389999,51.389999,28749000,4,52.394001
738,10/21/19,51.666,51.900002,50.035999,50.700001,50.700001,25101500,0,51.389999
739,10/22/19,50.863998,51.666,50.169998,51.116001,51.116001,23004000,1,50.700001
740,10/23/19,50.900002,51.228001,50.27,50.936001,50.936001,26305500,2,51.116001
741,10/24/19,59.674,60.986,57.84,59.936001,59.936001,148604500,3,50.936001
742,10/25/19,59.543999,66,59.222,65.625999,65.625999,150030500,4,59.936001
743,10/28/19,65.508003,68.167999,64.519997,65.542,65.542,94351500,0,65.625999
744,10/29/19,63.998001,64.860001,62.950001,63.243999,63.243999,63421500,1,65.542
745,10/30/19,62.599998,63.757999,61.993999,63.001999,63.001999,48209000,2,63.243999
746,10/31/19,62.619999,63.799999,62.599998,62.984001,62.984001,25335000,3,63.001999
747,11/1/19,63.264,63.296001,61.959999,62.661999,62.661999,31919500,4,62.984001
748,11/4/19,62.959999,64.388,61.852001,63.493999,63.493999,43935000,0,62.661999
749,11/5/19,63.924,64.702003,63.223999,63.444,63.444,34717000,1,63.493999
750,11/6/19,63.599998,65.344002,62.900002,65.316002,65.316002,39704500,2,63.444
751,11/7/19,65.828003,68.300003,65.603996,67.108002,67.108002,72336500,3,65.316002
752,11/8/19,66.900002,67.491997,66.5,67.428001,67.428001,30346000,4,67.108002
753,11/11/19,68.790001,69.837997,68.400002,69.017998,69.017998,49933500,0,67.428001
754,11/12/19,69.379997,70.073997,68.807999,69.986,69.986,36797000,1,69.017998
755,11/13/19,71,71.265999,69.036003,69.222,69.222,42100500,2,69.986
756,11/14/19,69.222,70.767998,68.582001,69.870003,69.870003,32324500,3,69.222
757,11/15/19,70.127998,70.559998,69.671997,70.433998,70.433998,24045000,4,69.870003
758,11/18/19,70.584,70.629997,69.220001,69.998001,69.998001,22002000,0,70.433998
759,11/19/19,70.349998,71.998001,69.559998,71.903999,71.903999,38624000,1,69.998001
760,11/20/19,72,72.239998,69.914001,70.444,70.444,33625500,2,71.903999
761,11/21/19,70.902,72.167999,70.800003,70.966003,70.966003,30550000,3,70.444
762,11/22/19,68.031998,68.199997,66,66.608002,66.608002,84353000,4,70.966003
763,11/25/19,68.863998,68.914001,66.891998,67.267998,67.267998,61697500,0,66.608002
764,11/26/19,67.054001,67.099998,65.419998,65.783997,65.783997,39737000,1,67.267998
765,11/27/19,66.223999,66.786003,65.713997,66.258003,66.258003,27778000,2,65.783997
766,11/29/19,66.222,66.251999,65.5,65.987999,65.987999,12328000,4,66.258003
767,12/2/19,65.879997,67.276001,65.737999,66.973999,66.973999,30372500,0,65.987999
768,12/3/19,66.524002,67.582001,66.438004,67.239998,67.239998,32868500,1,66.973999
769,12/4/19,67.550003,67.571999,66.57,66.606003,66.606003,27665000,2,67.239998
770,12/5/19,66.566002,66.884003,65.449997,66.073997,66.073997,18623000,3,66.606003
771,12/6/19,67,67.772003,66.954002,67.178001,67.178001,38062000,4,66.073997
772,12/9/19,67.318001,68.889999,67.015999,67.905998,67.905998,45115500,0,67.178001
773,12/10/19,67.991997,70.146004,67.862,69.767998,69.767998,44141500,1,67.905998
774,12/11/19,70.375999,71.438004,70.218002,70.540001,70.540001,34489000,2,69.767998
775,12/12/19,70.984001,72.547997,70.646004,71.935997,71.935997,38819500,3,70.540001
776,12/13/19,72.209999,73.042,70.928001,71.678001,71.678001,32854500,4,71.935997
777,12/16/19,72.510002,76.722,72.5,76.300003,76.300003,90871000,0,71.678001
778,12/17/19,75.797997,77.099998,75.18,75.797997,75.797997,42484000,1,76.300003
779,12/18/19,76.125999,79.043999,76.115997,78.629997,78.629997,70605000,2,75.797997
780,12/19/19,79.463997,81.370003,79.300003,80.807999,80.807999,90535500,3,78.629997
781,12/20/19,82.057999,82.599998,80.038002,81.117996,81.117996,73763500,4,80.807999
782,12/23/19,82.356003,84.402,82,83.844002,83.844002,66598000,0,81.117996
783,12/24/19,83.671997,85.094002,82.538002,85.050003,85.050003,40273500,1,83.844002
784,12/26/19,85.582001,86.695999,85.269997,86.188004,86.188004,53169500,3,85.050003
785,12/27/19,87,87.061996,85.222,86.075996,86.075996,49728500,4,86.188004
786,12/30/19,85.758003,85.800003,81.851997,82.940002,82.940002,62932000,0,86.075996
787,12/31/19,81,84.258003,80.416,83.666,83.666,51428500,1,82.940002
788,1/2/20,84.900002,86.139999,84.342003,86.052002,86.052002,47660500,3,83.666
789,1/3/20,88.099998,90.800003,87.384003,88.601997,88.601997,88892500,4,86.052002
790,1/6/20,88.094002,90.311996,88,90.307999,90.307999,50665000,0,88.601997
791,1/7/20,92.279999,94.325996,90.671997,93.811996,93.811996,89410500,1,90.307999
792,1/8/20,94.739998,99.697998,93.646004,98.428001,98.428001,155721500,2,93.811996
793,1/9/20,99.419998,99.760002,94.573997,96.267998,96.267998,142202000,3,98.428001
794,1/10/20,96.358002,96.987999,94.739998,95.629997,95.629997,64797500,4,96.267998
795,1/13/20,98.699997,105.125999,98.400002,104.972,104.972,132588000,0,95.629997
796,1/14/20,108.851997,109.482002,104.980003,107.584,107.584,144981000,1,104.972
797,1/15/20,105.952003,107.568001,103.358002,103.699997,103.699997,86844000,2,107.584
798,1/16/20,98.75,102.891998,98.433998,102.697998,102.697998,108683500,3,103.699997
799,1/17/20,101.522003,103.134003,100.632004,102.099998,102.099998,68145500,4,102.697998
800,1/21/20,106.050003,109.716003,105.681999,109.440002,109.440002,89017500,1,102.099998
801,1/22/20,114.377998,118.900002,111.82,113.912003,113.912003,156845000,2,109.440002
802,1/23/20,112.849998,116.400002,111.120003,114.440002,114.440002,98255000,3,113.912003
803,1/24/20,114.125999,114.772003,110.851997,112.963997,112.963997,71768000,4,114.440002
804,1/27/20,108.398003,112.888,107.856003,111.603996,111.603996,68040500,0,112.963997
805,1/28/20,113.697998,115.362,111.615997,113.379997,113.379997,58942500,1,111.603996
806,1/29/20,115.138,117.959999,113.486,116.197998,116.197998,89007500,2,113.379997
807,1/30/20,126.484001,130.175995,123.599998,128.162003,128.162003,145028500,3,116.197998
808,1/31/20,128,130.600006,126.503998,130.113998,130.113998,78596500,4,128.162003
809,2/3/20,134.738007,157.227997,134.703995,156,156,236167500,0,130.113998
810,2/4/20,176.591995,193.798004,166.776001,177.412003,177.412003,304694000,1,156
811,2/5/20,164.651993,169.195999,140.822006,146.940002,146.940002,242119000,2,177.412003
812,2/6/20,139.983994,159.166,137.399994,149.792007,149.792007,199404000,3,146.940002
813,2/7/20,146.110001,153.949997,146,149.613998,149.613998,85317500,4,149.792007
814,2/10/20,160,163.998001,150.479996,154.255997,154.255997,123446000,0,149.613998
815,2/11/20,153.757996,156.701996,151.600006,154.876007,154.876007,58487500,1,154.255997
816,2/12/20,155.574005,157.949997,152.673996,153.457993,153.457993,60112500,2,154.876007
817,2/13/20,148.367996,163.600006,147,160.800003,160.800003,131446500,3,153.457993
818,2/14/20,157.444,162.593994,157.100006,160.005997,160.005997,78468500,4,160.800003
819,2/18/20,168.320007,172,166.472,171.679993,171.679993,81908500,1,160.005997
820,2/19/20,184.699997,188.955994,180.203995,183.483994,183.483994,127115000,2,171.679993
821,2/20/20,182.389999,182.399994,171.988007,179.882004,179.882004,88174500,3,183.483994
822,2/21/20,181.395996,182.612,176.089996,180.199997,180.199997,71574000,4,179.882004
823,2/24/20,167.800003,172.699997,164.440002,166.757996,166.757996,75961000,0,180.199997
824,2/25/20,169.800003,171.320007,157.399994,159.981995,159.981995,86452500,1,166.757996
825,2/26/20,156.5,162.662003,155.222,155.759995,155.759995,70427500,2,159.981995
826,2/27/20,146,147.953995,133.800003,135.800003,135.800003,121386000,3,155.759995
827,2/28/20,125.940002,138.104004,122.304001,133.598007,133.598007,122821000,4,135.800003
828,3/2/20,142.251999,148.738007,137.334,148.723999,148.723999,100975000,0,133.598007
829,3/3/20,161,161.395996,143.222,149.102005,149.102005,128920000,1,148.723999
830,3/4/20,152.792007,153.304001,144.945999,149.899994,149.899994,75245000,2,149.102005
831,3/5/20,144.753998,149.149994,143.613998,144.908005,144.908005,54263500,3,149.899994
832,3/6/20,138,141.399994,136.854004,140.695999,140.695999,63314500,4,144.908005
833,3/9/20,121.078003,132.600006,121,121.599998,121.599998,85368500,0,140.695999
834,3/10/20,131.886002,133.600006,121.599998,129.065994,129.065994,77972000,1,121.599998
835,3/11/20,128.039993,130.716003,122.599998,126.846001,126.846001,66612500,2,129.065994
836,3/12/20,116.178001,118.900002,109.25,112.110001,112.110001,94545500,3,126.846001
837,3/13/20,119,121.514,100.400002,109.323997,109.323997,113201500,4,112.110001
838,3/16/20,93.900002,98.973999,88.433998,89.014,89.014,102447500,0,109.323997
839,3/17/20,88.001999,94.370003,79.199997,86.040001,86.040001,119973000,1,89.014
840,3/18/20,77.800003,80.972,70.101997,72.244003,72.244003,118931000,2,86.040001
841,3/19/20,74.940002,90.400002,71.692001,85.528,85.528,150977500,3,72.244003
842,3/20/20,87.639999,95.400002,85.157997,85.505997,85.505997,141427500,4,85.528
843,3/23/20,86.720001,88.400002,82.099998,86.858002,86.858002,82272500,0,85.505997
844,3/24/20,95.459999,102.737999,94.800003,101,101,114476000,1,86.858002
845,3/25/20,109.050003,111.400002,102.222,107.849998,107.849998,106113500,2,101
846,3/26/20,109.477997,112,102.449997,105.632004,105.632004,86903500,3,107.849998
847,3/27/20,101,105.160004,98.806,102.872002,102.872002,71887000,4,105.632004
848,3/30/20,102.052002,103.330002,98.246002,100.426003,100.426003,59990500,0,102.872002
849,3/31/20,100.25,108.592003,99.400002,104.800003,104.800003,88857500,1,100.426003
850,4/1/20,100.800003,102.790001,95.019997,96.311996,96.311996,66766000,2,104.800003
851,4/2/20,96.206001,98.851997,89.279999,90.893997,90.893997,99292000,3,96.311996
852,4/3/20,101.900002,103.098,93.678001,96.001999,96.001999,22562100,4,90.893997
853,4/6/20,102.239998,104.199997,99.592003,103.248001,103.248001,14901800,0,96.001999
854,4/7/20,109,113,106.468002,109.089996,109.089996,17919800,1,103.248001
855,4/8/20,110.839996,111.442001,106.666,109.767998,109.767998,12656000,2,109.089996
856,4/9/20,112.417999,115.036003,111.421997,114.599998,114.599998,13650000,3,109.767998
857,4/13/20,118.031998,130.399994,116.106003,130.190002,130.190002,22475400,0,114.599998
858,4/14/20,139.794006,148.376007,138.485992,141.977997,141.977997,30576500,1,130.190002
859,4/15/20,148.399994,150.626007,142,145.966003,145.966003,23577000,2,141.977997
860,4/16/20,143.388,151.889999,141.343994,149.042007,149.042007,20657900,3,145.966003
861,4/17/20,154.455994,154.990005,149.531998,150.778,150.778,13128200,4,149.042007
862,4/20/20,146.539993,153.113998,142.442001,149.272003,149.272003,14746600,0,150.778
863,4/21/20,146.024002,150.666,134.757996,137.343994,137.343994,20209100,1,149.272003
864,4/22/20,140.796005,146.800003,137.742004,146.421997,146.421997,14224800,2,137.343994
865,4/23/20,145.520004,146.800003,140.626007,141.126007,141.126007,13236700,3,146.421997
866,4/24/20,142.162003,146.145996,139.636002,145.029999,145.029999,13237600,4,141.126007
867,4/27/20,147.522003,159.897995,147,159.75,159.75,20681400,0,145.029999
868,4/28/20,159.128006,161,151.337997,153.824005,153.824005,15222000,1,159.75
869,4/29/20,158.033997,160.639999,156.632004,160.102005,160.102005,16216000,2,153.824005
870,4/30/20,171.037994,173.964005,152.699997,156.376007,156.376007,28471900,3,160.102005
871,5/1/20,151,154.554001,136.608002,140.264008,140.264008,32531800,4,156.376007
872,5/4/20,140.199997,152.399994,139.600006,152.238007,152.238007,19237100,0,140.264008
873,5/5/20,157.957993,159.783997,152.436005,153.641998,153.641998,16991700,1,152.238007
874,5/6/20,155.300003,157.960007,152.222,156.516006,156.516006,11123200,2,153.641998
875,5/7/20,155.442001,159.279999,154.470001,156.007996,156.007996,11527700,3,156.516006
876,5/8/20,158.753998,164.800003,157.401993,163.884003,163.884003,16130100,4,156.007996
877,5/11/20,158.102005,164.800003,157,162.257996,162.257996,16519600,0,163.884003
878,5/12/20,165.399994,168.658005,161.600006,161.882004,161.882004,15906900,1,162.257996
879,5/13/20,164.166,165.199997,152.660004,158.192001,158.192001,19065500,2,161.882004
880,5/14/20,156,160.671997,152.800003,160.666,160.666,13682200,3,158.192001
881,5/15/20,158.070007,161.009995,157.309998,159.834,159.834,10518400,4,160.666
882,5/18/20,165.556,166.944,160.776001,162.725998,162.725998,11698100,0,159.834
883,5/19/20,163.033997,164.414001,161.216003,161.602005,161.602005,9636500,1,162.725998
884,5/20/20,164.100006,165.199997,162.360001,163.112,163.112,7309300,2,161.602005
885,5/21/20,163.199997,166.5,159.199997,165.520004,165.520004,12254600,3,163.112
886,5/22/20,164.434006,166.356003,162.399994,163.376007,163.376007,9987500,4,165.520004
887,5/26/20,166.899994,166.919998,163.141998,163.774002,163.774002,8089700,1,163.376007
888,5/27/20,164.171997,165.542007,157,164.046005,164.046005,11549500,2,163.774002
889,5/28/20,162.701996,164.949997,160.337997,161.162003,161.162003,7255600,3,164.046005
890,5/29/20,161.75,167,160.841995,167,167,11812500,4,161.162003
891,6/1/20,171.600006,179.800003,170.820007,179.619995,179.619995,14939500,0,167
892,6/2/20,178.940002,181.731995,174.199997,176.311996,176.311996,13565600,1,179.619995
893,6/3/20,177.623993,179.587997,176.020004,176.591995,176.591995,7949500,2,176.311996
894,6/4/20,177.975998,179.149994,171.688004,172.876007,172.876007,8887700,3,176.591995
895,6/5/20,175.567993,177.304001,173.240005,177.132004,177.132004,7811900,4,172.876007
896,6/8/20,183.800003,190,181.832001,189.983994,189.983994,14174700,0,177.132004
897,6/9/20,188.001999,190.888,184.785995,188.134003,188.134003,11388200,1,189.983994
898,6/10/20,198.376007,205.496002,196.5,205.009995,205.009995,18563400,2,188.134003
899,6/11/20,198.039993,203.792007,194.399994,194.567993,194.567993,15916500,3,205.009995
900,6/12/20,196,197.595993,182.520004,187.056,187.056,16730200,4,194.567993
901,6/15/20,183.557999,199.768005,181.699997,198.179993,198.179993,15697200,0,187.056
902,6/16/20,202.369995,202.576004,192.477997,196.425995,196.425995,14051100,1,198.179993
903,6/17/20,197.542007,201,196.514008,198.358002,198.358002,9869400,2,196.425995
904,6/18/20,200.600006,203.839996,198.893997,200.792007,200.792007,48759500,3,198.358002
905,6/19/20,202.556,203.194,198.268005,200.179993,200.179993,43398500,4,200.792007
906,6/22/20,199.990005,201.776001,198.003998,198.863998,198.863998,31812000,0,200.179993
907,6/23/20,199.776001,202.399994,198.802002,200.356003,200.356003,31826500,1,198.863998
908,6/24/20,198.822006,200.175995,190.628006,192.169998,192.169998,54798000,2,200.356003
909,6/25/20,190.854004,197.195999,187.429993,197.195999,197.195999,46272500,3,192.169998
910,6/26/20,198.955994,199,190.973999,191.947998,191.947998,44274500,4,197.195999
911,6/29/20,193.802002,202,189.703995,201.869995,201.869995,45132000,0,191.947998
912,6/30/20,201.300003,217.537994,200.746002,215.962006,215.962006,84592500,1,201.869995
913,7/1/20,216.600006,227.065994,216.100006,223.925995,223.925995,66634500,2,215.962006
914,7/2/20,244.296005,245.600006,237.119995,241.731995,241.731995,86250500,3,223.925995
915,7/6/20,255.337997,275.558014,253.207993,274.31601,274.31601,102849500,0,241.731995
916,7/7/20,281.002014,285.899994,267.34201,277.971985,277.971985,107448500,1,274.31601
917,7/8/20,281,283.451996,262.268005,273.175995,273.175995,81556500,2,277.971985
918,7/9/20,279.39801,281.712006,270.256012,278.855988,278.855988,58588000,3,273.175995
919,7/10/20,279.200012,309.783997,275.201996,308.929993,308.929993,116688000,4,278.855988
920,7/13/20,331.799988,358.997986,294.221985,299.411987,299.411987,194927000,0,308.929993
921,7/14/20,311.200012,318,286.200012,303.359985,303.359985,117090500,1,299.411987
922,7/15/20,308.600006,310,291.399994,309.201996,309.201996,81839000,2,303.359985
923,7/16/20,295.432007,306.34201,293.200012,300.127991,300.127991,71504000,3,309.201996
924,7/17/20,302.690002,307.502014,298,300.167999,300.167999,46650000,4,300.127991
925,7/20/20,303.802002,330,297.600006,328.600006,328.600006,85607000,0,300.167999
926,7/21/20,327.985992,335,311.600006,313.671997,313.671997,80786500,1,328.600006
927,7/22/20,319.799988,325.283997,312.399994,318.466003,318.466003,70805500,2,313.671997
928,7/23/20,335.790009,337.799988,296.153992,302.614014,302.614014,121642500,3,318.466003
929,7/24/20,283.201996,293,273.308014,283.399994,283.399994,96983000,4,302.614014
930,7/27/20,287,309.588013,282.600006,307.920013,307.920013,80243500,0,283.399994
931,7/28/20,300.799988,312.940002,294.884003,295.298004,295.298004,79043500,1,307.920013
932,7/29/20,300.200012,306.962006,297.399994,299.821991,299.821991,47134500,2,295.298004
933,7/30/20,297.600006,302.64801,294.200012,297.497986,297.497986,38105000,3,299.821991
934,7/31/20,303,303.410004,284.196014,286.152008,286.152008,61235000,4,297.497986
935,8/3/20,289.839996,301.962006,288.876007,297,297,44046500,0,286.152008
936,8/4/20,299.002014,305.481995,292.399994,297.399994,297.399994,42075000,1,297
937,8/5/20,298.597992,299.967987,293.661987,297.003998,297.003998,24890000,2,297.399994
938,8/6/20,298.165985,303.462006,295.451996,297.915985,297.915985,29961500,3,297.003998
939,8/7/20,299.90799,299.950012,283.002014,290.541992,290.541992,44482000,4,297.915985
940,8/10/20,289.600006,291.5,277.167999,283.713989,283.713989,37611500,0,290.541992
941,8/11/20,279.200012,284,273,274.877991,274.877991,43129000,1,283.713989
942,8/12/20,294,317,287,310.951996,310.951996,109494000,2,274.877991
943,8/13/20,322.200012,330.235992,313.451996,324.200012,324.200012,102126500,3,310.951996
944,8/14/20,332.997986,333.76001,325.328003,330.141998,330.141998,62888000,4,324.200012
945,8/17/20,335.399994,369.171997,334.56601,367.127991,367.127991,101211500,0,330.141998
946,8/18/20,379.798004,384.779999,369.022003,377.417999,377.417999,82372500,1,367.127991
947,8/19/20,373,382.200012,368.242004,375.705994,375.705994,61026500,2,377.417999
948,8/20/20,372.135986,404.39801,371.411987,400.365997,400.365997,103059000,3,375.705994
949,8/21/20,408.951996,419.097992,405.01001,409.996002,409.996002,107448000,4,400.365997
950,8/24/20,425.256012,425.799988,385.503998,402.839996,402.839996,100318000,0,409.996002
951,8/25/20,394.977997,405.589996,393.600006,404.667999,404.667999,53294500,1,402.839996
952,8/26/20,412,433.200012,410.726013,430.634003,430.634003,71197000,2,404.667999
953,8/27/20,436.09201,459.119995,428.5,447.75,447.75,118465000,3,430.634003
954,8/28/20,459.023987,463.697998,437.303986,442.679993,442.679993,100406000,4,447.75
955,8/31/20,444.609985,500.140015,440.109985,498.320007,498.320007,118374400,0,442.679993
956,9/1/20,502.140015,502.48999,470.51001,475.049988,475.049988,90119400,1,498.320007
957,9/2/20,478.98999,479.040009,405.119995,447.369995,447.369995,96176100,2,475.049988
958,9/3/20,407.230011,431.799988,402,407,407,87596100,3,447.369995
959,9/4/20,402.809998,428,372.019989,418.320007,418.320007,110321900,4,407
960,9/8/20,356,368.73999,329.880005,330.209991,330.209991,115465700,1,418.320007
961,9/9/20,356.600006,369,341.51001,366.279999,366.279999,79465800,2,330.209991
962,9/10/20,386.209991,398.98999,360.559998,371.339996,371.339996,84930600,3,366.279999
963,9/11/20,381.940002,382.5,360.5,372.720001,372.720001,60717500,4,371.339996
964,9/14/20,380.950012,420,373.299988,419.619995,419.619995,83020600,0,372.720001
965,9/15/20,436.559998,461.940002,430.700012,449.76001,449.76001,97298200,1,419.619995
966,9/16/20,439.869995,457.790009,435.309998,441.76001,441.76001,72279300,2,449.76001
967,9/17/20,415.600006,437.790009,408,423.429993,423.429993,76779200,3,441.76001
968,9/18/20,447.940002,451,428.799988,442.149994,442.149994,86406800,4,423.429993
969,9/21/20,453.130005,455.679993,407.070007,449.390015,449.390015,109476800,0,442.149994
970,9/22/20,429.600006,437.76001,417.600006,424.230011,424.230011,79580800,1,449.390015
971,9/23/20,405.160004,412.149994,375.880005,380.359985,380.359985,95074200,2,424.230011
972,9/24/20,363.799988,399.5,351.299988,387.790009,387.790009,96561100,3,380.359985
973,9/25/20,393.470001,408.730011,391.299988,407.339996,407.339996,67208500,4,387.790009
974,9/28/20,424.619995,428.079987,415.549988,421.200012,421.200012,49719600,0,407.339996
975,9/29/20,416,428.5,411.600006,419.070007,419.070007,50219300,1,421.200012
976,9/30/20,421.320007,433.929993,420.470001,429.01001,429.01001,48145600,2,419.070007
977,10/1/20,440.76001,448.880005,434.420013,448.160004,448.160004,50741500,3,429.01001
978,10/2/20,421.390015,439.130005,415,415.089996,415.089996,71430000,4,448.160004
979,10/5/20,423.350006,433.640015,419.329987,425.679993,425.679993,44722800,0,415.089996
980,10/6/20,423.790009,428.779999,406.049988,413.980011,413.980011,49146300,1,425.679993
981,10/7/20,419.869995,429.899994,413.850006,425.299988,425.299988,43127700,2,413.980011
982,10/8/20,438.440002,439,425.299988,425.920013,425.920013,40421100,3,425.299988
983,10/9/20,430.130005,434.589996,426.459991,434,434,28925700,4,425.920013
984,10/12/20,442,448.73999,438.579987,442.299988,442.299988,38791100,0,434
985,10/13/20,443.350006,448.890015,436.600006,446.649994,446.649994,34463700,1,442.299988
986,10/14/20,449.779999,465.899994,447.350006,461.299988,461.299988,48045400,2,446.649994
987,10/15/20,450.309998,456.570007,442.5,448.880005,448.880005,35672400,3,461.299988
988,10/16/20,454.440002,455.950012,438.850006,439.670013,439.670013,32775900,4,448.880005
989,10/19/20,446.23999,447,428.869995,430.829987,430.829987,36287800,0,439.670013
990,10/20/20,431.75,431.75,419.049988,421.940002,421.940002,31656300,1,430.829987
991,10/21/20,422.700012,432.950012,421.25,422.640015,422.640015,32370500,2,421.940002
992,10/22/20,441.920013,445.230011,424.51001,425.790009,425.790009,39993200,3,422.640015
993,10/23/20,421.839996,422.890015,407.380005,420.630005,420.630005,33717000,4,425.790009
994,10/26/20,411.630005,425.76001,410,420.279999,420.279999,28239200,0,420.630005
995,10/27/20,423.76001,430.5,420.100006,424.679993,424.679993,22686500,1,420.279999
996,10/28/20,416.480011,418.600006,406,406.019989,406.019989,25451400,2,424.679993
997,10/29/20,409.959991,418.059998,406.459991,410.829987,410.829987,22655300,3,406.019989
998,10/30/20,406.899994,407.589996,379.109985,388.040009,388.040009,42511300,4,410.829987
999,11/2/20,394,406.980011,392.299988,400.51001,400.51001,29021100,0,388.040009
1000,11/3/20,409.730011,427.769989,406.690002,423.899994,423.899994,34351700,1,400.51001
1001,11/4/20,430.619995,435.399994,417.100006,420.980011,420.980011,32143100,2,423.899994
1002,11/5/20,428.299988,440,424,438.089996,438.089996,28414500,3,420.980011
1003,11/6/20,436.100006,436.570007,424.279999,429.950012,429.950012,21706000,4,438.089996
1004,11/9/20,439.5,452.5,421,421.26001,421.26001,34833000,0,429.950012
1005,11/10/20,420.089996,420.089996,396.029999,410.359985,410.359985,30284200,1,421.26001
1006,11/11/20,416.450012,418.700012,410.579987,417.130005,417.130005,17357700,2,410.359985
1007,11/12/20,415.049988,423,409.519989,411.76001,411.76001,19855100,3,417.130005
1008,11/13/20,410.850006,412.529999,401.660004,408.5,408.5,19771100,4,411.76001
1009,11/16/20,408.929993,412.450012,404.089996,408.089996,408.089996,26838600,0,408.5
1010,11/17/20,460.170013,462,433.01001,441.609985,441.609985,61188300,1,408.089996
1011,11/18/20,448.350006,496,443.5,486.640015,486.640015,78044000,2,441.609985
1012,11/19/20,492,508.609985,487.570007,499.269989,499.269989,62475300,3,486.640015
1013,11/20/20,497.98999,502.5,489.059998,489.609985,489.609985,32807300,4,499.269989
1014,11/23/20,503.5,526,501.790009,521.849976,521.849976,50260300,0,489.609985
1015,11/24/20,540.400024,559.98999,526.200012,555.380005,555.380005,53648500,1,521.849976
1016,11/25/20,550.059998,574,545.369995,574,574,48930200,2,555.380005
1017,11/27/20,581.159973,598.780029,578.450012,585.76001,585.76001,37561100,4,574
1018,11/30/20,602.210022,607.799988,554.51001,567.599976,567.599976,63003100,0,585.76001
1019,12/1/20,597.590027,597.849976,572.049988,584.76001,584.76001,40382800,1,567.599976
1020,12/2/20,556.440002,571.539978,541.210022,568.820007,568.820007,47775700,2,584.76001
1021,12/3/20,590.02002,598.969971,582.429993,593.380005,593.380005,42552000,3,568.820007
1022,12/4/20,591.01001,599.039978,585.5,599.039978,599.039978,29401300,4,593.380005
1023,12/7/20,604.919983,648.789978,603.049988,641.76001,641.76001,56309700,0,599.039978
1024,12/8/20,625.51001,651.280029,618.5,649.880005,649.880005,64265000,1,641.76001
1025,12/9/20,653.690002,654.320007,588,604.47998,604.47998,71291200,2,649.880005
1026,12/10/20,574.369995,627.75,566.340027,627.070007,627.070007,67083200,3,604.47998
1027,12/11/20,615.01001,624,596.799988,609.98999,609.98999,46475000,4,627.070007
1028,12/14/20,619,642.75,610.200012,639.830017,639.830017,52040600,0,609.98999
1029,12/15/20,643.280029,646.900024,623.799988,633.25,633.25,45223600,1,639.830017