,TradingWeek,DateStr,PrevClose,Close,CloseChange%,Profit,CumulativeProfit
333,2016-46,161118,12.570667,12.334667,-1.8773864584910303,0.075424002,0.075424002
334,2016-47,161125,12.334667,13.11,6.285804067511509,0.074008002,0.149432004
335,2016-48,161202,13.11,12.098,-7.719298245614025,0.07866,0.22809200400000001
336,2016-49,161209,12.098,12.812,5.901801950735647,0.072588,0.300680004
337,2016-50,161216,12.812,13.499333,5.364759600374653,0.076872,0.377552004
338,2016-51,161223,13.499333,14.222667,5.358294369062526,0.080995998,0.458548002
339,2016-52,161230,14.222667,14.246,0.16405502568541425,0.085336002,0.543884004
340,2017-01,170106,14.246,15.267333,7.169261547100943,0.08547600000000001,0.629360004
341,2017-02,170113,15.267333,15.85,3.8164294968872357,0.091603998,0.720964002
342,2017-03,170120,15.85,16.315332,2.935848580441652,0.0951,0.816064002
343,2017-04,170127,16.315332,16.863333,3.3588099831495875,0.09789199200000001,0.9139559939999999
344,2017-05,170203,16.863333,16.755333,-0.6404427879115032,0.10117999800000001,1.015135992
345,2017-06,170210,16.755333,17.948668,7.122120461586774,0.100531998,1.11566799
346,2017-07,170217,17.948668,18.148666,1.1142776723041354,0.107692008,1.2233599979999998
347,2017-08,170224,18.148666,17.133333,-5.594532402546823,0.10889199599999999,1.332251994
348,2017-09,170303,17.133333,16.771334,-2.1128346714559325,0.102799998,1.435051992
349,2017-10,170310,16.771334,16.246,-3.132332824568403,0.100628004,1.535679996
350,2017-11,170317,16.246,17.433332,7.30845746645329,0.097476,1.633155996
351,2017-12,170324,17.433332,17.544001,0.6348126680545145,0.104599992,1.737755988
352,2017-13,170331,17.544001,18.553333,5.753146046902283,0.10526400600000001,1.843019994
353,2017-14,170407,18.553333,20.169333,8.71002530919918,0.11131999799999999,1.954339992
354,2017-15,170413,20.169333,20.266666,0.4825791710613285,0.12101599800000001,2.07535599
355,2017-16,170421,20.266666,20.373333,0.5263174515235909,0.121599996,2.196955986
356,2017-17,170428,20.373333,20.938,2.771598540111233,0.12223999799999999,2.319195984
357,2017-18,170505,20.938,20.556667,-1.8212484477982516,0.125628,2.4448239839999997
358,2017-19,170512,20.556667,21.653999,5.338083260287273,0.123340002,2.5681639859999996
359,2017-20,170519,21.653999,20.722,-4.304050258799761,0.129923994,2.6980879799999995
360,2017-21,170526,20.722,21.676001,4.603807547534013,0.12433200000000001,2.8224199799999994
361,2017-22,170602,21.676001,22.656668,4.524206286943797,0.130056006,2.9524759859999996
362,2017-23,170609,22.656668,23.821333,5.140495504458111,0.135940008,3.0884159939999996
363,2017-24,170616,23.821333,24.76,3.940446993457513,0.142927998,3.2313439919999993
364,2017-25,170623,24.76,25.563334,3.244483037156702,0.14856000000000003,3.379903991999999
365,2017-26,170630,25.563334,24.107332,-5.6956655184335565,0.15338000400000001,3.5332839959999993
366,2017-27,170707,24.107332,20.881332,-13.381820933150127,0.144643992,3.6779279879999995
367,2017-28,170714,20.881332,21.851999,4.64849177245972,0.12528799200000001,3.8032159799999996
368,2017-29,170721,21.851999,21.893333,0.18915431947438352,0.131111994,3.9343279739999995
369,2017-30,170728,21.893333,22.337999,2.031056669169567,0.131359998,4.065687971999999
370,2017-31,170804,22.337999,23.794001,6.518050251501943,0.134027994,4.199715965999999
371,2017-32,170811,23.794001,23.858,0.2689711578981569,0.142764006,4.342479972
372,2017-33,170818,23.858,23.164,-2.9088775253583665,0.143148,4.485627972
373,2017-34,170825,23.164,23.203333,0.16980227939906395,0.13898400000000002,4.624611971999999
374,2017-35,170901,23.203333,23.693333,2.111765581263685,0.139219998,4.763831969999999
375,2017-36,170908,23.693333,22.893333,-3.376477256281338,0.142159998,4.9059919679999995
376,2017-37,170915,22.893333,25.320667,10.602798640110647,0.13735999799999998,5.0433519659999995
377,2017-38,170922,25.320667,23.406,-7.561676791531603,0.151924002,5.195275968
378,2017-39,170929,23.406,22.74,-2.84542425019226,0.140436,5.335711968
379,2017-40,171006,22.74,23.792,4.626209322779258,0.13644,5.472151968
380,2017-41,171013,23.792,23.704666,-0.3670729657027657,0.14275200000000002,5.614903968
381,2017-42,171020,23.704666,23.006666,-2.944567959742611,0.142227996,5.757131964
382,2017-43,171027,23.006666,21.391333,-7.021152043499044,0.138039996,5.89517196
383,2017-44,171103,21.391333,20.406,-4.606225334344525,0.128347998,6.023519958
384,2017-45,171110,20.406,20.199333,-1.012775654219345,0.12243599999999999,6.145955958
385,2017-46,171117,20.199333,21.003332,3.9803244988337045,0.121195998,6.267151956
386,2017-47,171124,21.003332,21.036667,0.15871291278927077,0.126019992,6.393171948
387,2017-48,171201,21.036667,20.435333,-2.858504153723598,0.126220002,6.51939195
388,2017-49,171208,20.435333,21.008667,2.8056014550876127,0.122611998,6.642003948
389,2017-50,171215,21.008667,22.896667,8.98676722326077,0.126052002,6.76805595
390,2017-51,171222,22.896667,21.68,-5.313729723195087,0.137380002,6.9054359519999995
391,2017-52,171229,21.68,20.756666,-4.258920664206645,0.13008,7.035515952
392,2018-01,180105,20.756666,21.105333,1.6797832561356554,0.124539996,7.160055948
393,2018-02,180112,21.105333,22.414667,6.203806402865094,0.12663199800000002,7.286687946
394,2018-03,180119,22.414667,23.334667,4.104455355058356,0.13448800200000002,7.421175948
395,2018-04,180126,23.334667,22.856667,-2.0484543447737993,0.140008002,7.56118395
396,2018-05,180202,22.856667,22.916668,0.262509840126733,0.137140002,7.698323952
397,2018-06,180209,22.916668,20.694668,-9.69599943586913,0.137500008,7.83582396
398,2018-07,180216,20.694668,22.365999,8.076143091544154,0.124168008,7.959991968
399,2018-08,180223,22.365999,23.469999,4.936063888762594,0.13419599399999999,8.094187962
400,2018-09,180302,23.469999,22.341333,-4.808973362120734,0.140819994,8.235007955999999
401,2018-10,180309,22.341333,21.811333,-2.372284590180888,0.134047998,8.369055953999998
402,2018-11,180316,21.811333,21.423332,-1.7788963196334802,0.130867998,8.499923951999998
403,2018-12,180323,21.423332,20.102667,-6.164610621727742,0.128539992,8.628463943999998
404,2018-13,180329,20.102667,17.742001,-11.743048820338126,0.120616002,8.749079945999998
405,2018-14,180406,17.742001,19.953333,12.463825247219875,0.10645200599999999,8.855531951999998
406,2018-15,180413,19.953333,20.022667,0.3474807943113954,0.11971999800000001,8.975251949999999
407,2018-16,180420,20.022667,19.349333,-3.3628587040877074,0.12013600199999999,9.095387952
408,2018-17,180427,19.349333,19.605333,1.3230430216896893,0.116095998,9.21148395
409,2018-18,180504,19.605333,19.606001,0.003407236184141572,0.11763199800000002,9.329115948
410,2018-19,180511,19.606001,20.070667,2.370019260939552,0.117636006,9.446751954
411,2018-20,180518,20.070667,18.454666,-8.051556034485554,0.120424002,9.567175956
412,2018-21,180525,18.454666,18.59,0.7333321556727187,0.110727996,9.677903952
413,2018-22,180601,18.59,19.454666,4.651242603550294,0.11154,9.789443952
414,2018-23,180608,19.454666,21.177334,8.854780647480656,0.116727996,9.906171947999999
415,2018-24,180615,21.177334,23.878,12.75262504713767,0.12706400399999998,10.033235951999998
416,2018-25,180622,23.878,22.242001,-6.851490912136702,0.143268,10.176503952
417,2018-26,180629,22.242001,22.863333,2.793507652481458,0.13345200599999998,10.309955958
418,2018-27,180706,22.863333,20.593332,-9.928565533292982,0.137179998,10.447135956
419,2018-28,180713,20.593332,21.257999,3.2275835692835013,0.12355999200000001,10.570695948000001
420,2018-29,180720,21.257999,20.905333,-1.658980226690211,0.12754799400000003,10.698243942000001
421,2018-30,180727,20.905333,19.812,-5.229923866795127,0.125431998,10.823675940000001
422,2018-31,180803,19.812,23.211332,17.15794467999191,0.118872,10.94254794
423,2018-32,180810,23.211332,23.699333,2.102425660018135,0.139267992,11.081815932000001
424,2018-33,180817,23.699333,20.366667,-14.062277617686538,0.142195998,11.224011930000001
425,2018-34,180824,20.366667,21.521334,5.669395979224288,0.122200002,11.346211932000001
426,2018-35,180831,21.521334,20.110666,-6.554742377958546,0.129128004,11.475339936000001
427,2018-36,180907,20.110666,17.549334,-12.736186857262693,0.120663996,11.596003932
428,2018-37,180914,17.549334,19.68,12.141007744225494,0.10529600400000001,11.701299936
429,2018-38,180921,19.68,19.940001,1.321143292682922,0.11808,11.819379936
430,2018-39,180928,19.940001,17.651333,-11.477772744344385,0.119640006,11.939019942
431,2018-40,181005,17.651333,17.463333,-1.0650753685288379,0.105907998,12.044927939999999
432,2018-41,181012,17.463333,17.252001,-1.2101469977122854,0.104779998,12.149707937999999
433,2018-42,181019,17.252001,17.333332,0.47142937216383596,0.103512006,12.253219944
434,2018-43,181026,17.333332,22.059999,27.269234789941155,0.103999992,12.357219936
435,2018-44,181102,22.059999,23.094,4.6872214273445785,0.132359994,12.48957993
436,2018-45,181109,23.094,23.367332,1.1835628301723387,0.13856400000000002,12.62814393
437,2018-46,181116,23.367332,23.620667,1.084141741128169,0.140203992,12.768347922
438,2018-47,181123,23.620667,21.722,-8.038159972366572,0.14172400200000002,12.910071924
439,2018-48,181130,21.722,23.365334,7.565297854709508,0.130332,13.040403924
440,2018-49,181207,23.365334,23.864668,2.1370719545459997,0.140192004,13.180595927999999
441,2018-50,181214,23.864668,24.380667,2.162188051390437,0.143188008,13.323783935999998
442,2018-51,181221,24.380667,21.318001,-12.561863053213434,0.146284002,13.470067937999998
443,2018-52,181228,21.318001,22.257999,4.409409681517525,0.127908006,13.597975943999998
444,2019-01,190104,22.257999,21.179333,-4.846194844379326,0.133547994,13.731523937999999
445,2019-02,190111,21.179333,23.150667,9.307819089486902,0.127075998,13.858599936
446,2019-03,190118,23.150667,20.150667,-12.958589918813141,0.138904002,13.997503938
447,2019-04,190125,20.150667,19.802668,-1.7269850174190162,0.120904002,14.118407939999999
448,2019-05,190201,19.802668,20.813999,5.107044161928072,0.118816008,14.237223947999999
449,2019-06,190208,20.813999,20.386667,-2.05309897439699,0.124883994,14.362107941999998
450,2019-07,190215,20.386667,20.525333,0.6801798449937924,0.122320002,14.484427943999998
451,2019-08,190222,20.525333,19.647333,-4.2776407086793675,0.123151998,14.607579942
452,2019-09,190301,19.647333,19.652666,0.027143633184210064,0.117883998,14.72546394
453,2019-10,190308,19.652666,18.942667,-3.612736307633783,0.11791599600000001,14.843379936
454,2019-11,190315,18.942667,18.362,-3.06539200631042,0.113656002,14.957035938
455,2019-12,190322,18.362,17.635332,-3.9574556148567703,0.11017199999999999,15.067207938000001
456,2019-13,190329,17.635332,18.657333,5.79519001967189,0.105811992,15.17301993
457,2019-14,190405,18.657333,18.330667,-1.7508718957849068,0.11194399800000002,15.284963928
458,2019-15,190412,18.330667,17.846666,-2.6403894631875606,0.109984002,15.394947929999999
459,2019-16,190418,17.846666,18.217333,2.0769537570770975,0.107079996,15.502027925999998
460,2019-17,190426,18.217333,15.676,-13.950082594417085,0.109303998,15.611331923999998
461,2019-18,190503,15.676,17.002001,8.458796886960958,0.094056,15.705387923999998
462,2019-19,190510,17.002001,15.968,-6.081642978376486,0.102012006,15.807399929999999
463,2019-20,190517,15.968,14.068667,-11.894620490981966,0.095808,15.903207929999999
464,2019-21,190524,14.068667,12.708667,-9.66687177967891,0.084412002,15.987619932
465,2019-22,190531,12.708667,12.344,-2.869435480526799,0.076252002,16.063871933999998
466,2019-23,190607,12.344,13.633333,10.445017822423857,0.074064,16.137935933999998
467,2019-24,190614,13.633333,14.328,5.095357092796009,0.081799998,16.219735932
468,2019-25,190621,14.328,14.790667,3.229110831937463,0.085968,16.305703932
469,2019-26,190628,14.790667,14.897333,0.7211709924914178,0.088744002,16.394447934
470,2019-27,190705,14.897333,15.54,4.313973514588144,0.089383998,16.483831931999998
471,2019-28,190712,15.54,16.338667,5.139427284427296,0.09324,16.577071932
472,2019-29,190719,16.338667,17.212,5.3451912570346085,0.09803200200000001,16.675103934
473,2019-30,190726,17.212,15.202667,-11.674023936788286,0.103272,16.778375934
474,2019-31,190802,15.202667,15.622667,2.762673154651088,0.091216002,16.869591936
475,2019-32,190809,15.622667,15.667333,0.28590508906065415,0.093736002,16.963327938
476,2019-33,190816,15.667333,14.662667,-6.4124889666926626,0.09400399799999999,17.057331936
477,2019-34,190823,14.662667,14.093333,-3.8828816067363547,0.08797600200000001,17.145307938000002
478,2019-35,190830,14.093333,15.040667,6.721859193989099,0.084559998,17.229867936
479,2019-36,190906,15.040667,15.163333,0.8155622353716135,0.09024400199999999,17.320111938
480,2019-37,190913,15.163333,16.346666,7.8039109211675255,0.090979998,17.411091936000002
481,2019-38,190920,16.346666,16.041332,-1.8678671234855992,0.098079996,17.509171932
482,2019-39,190927,16.041332,16.142,0.6275538714615398,0.096247992,17.605419924
483,2019-40,191004,16.142,15.428667,-4.419111634246058,0.096852,17.702271923999998
484,2019-41,191011,15.428667,16.525999,7.112292980333285,0.092572002,17.794843926
485,2019-42,191018,16.525999,17.129999,3.6548471290601117,0.099155994,17.89399992
486,2019-43,191025,17.129999,21.875334,27.70189887343249,0.10277999400000001,17.996779913999998
487,2019-44,191101,21.875334,20.887333,-4.516507039389648,0.131252004,18.128031917999998
488,2019-45,191108,20.887333,22.476,7.60588726191131,0.12532399800000002,18.253355915999997
489,2019-46,191115,22.476,23.478001,4.458093077059975,0.134856,18.388211915999996
490,2019-47,191122,23.478001,22.202667,-5.432038272764352,0.140868006,18.529079921999998
491,2019-48,191129,22.202667,21.996,-0.9308206081728967,0.133216002,18.662295924
492,2019-49,191206,21.996,22.392668,1.8033642480451073,0.13197599999999998,18.794271924
493,2019-50,191213,22.392668,23.892668,6.6986211736806,0.134356008,18.928627932
494,2019-51,191220,23.892668,27.039333,13.170002613354015,0.143356008,19.071983940000003
495,2019-52,191227,27.039333,28.691999,6.112081241057241,0.162235998,19.234219938000003
496,2020-01,200103,28.691999,29.534,2.934619508386292,0.172151994,19.406371932000003
497,2020-02,200110,29.534,31.876667,7.932101984153865,0.177204,19.583575932000002
498,2020-03,200117,31.876667,34.033333,6.76565714978921,0.191260002,19.774835934000002
499,2020-04,200124,34.033333,37.654667,10.640550544961332,0.204199998,19.979035932000002
500,2020-05,200131,37.654667,43.371334,15.18182858980002,0.22592800200000002,20.204963934000002
501,2020-06,200207,43.371334,49.871334,14.986857448286003,0.260228004,20.465191938000004
502,2020-07,200214,49.871334,53.335335,6.94587596152933,0.299228004,20.764419942000004
503,2020-08,200221,53.335335,60.066666,12.620771951652685,0.32001201,21.084431952000003
504,2020-09,200228,60.066666,44.532665,-25.861267212666668,0.360399996,21.444831948000004
505,2020-10,200306,44.532665,46.898666,5.312956231117084,0.26719599,21.712027938000006
506,2020-11,200313,46.898666,36.441334,-22.297717380703325,0.281391996,21.993419934000006
507,2020-12,200320,36.441334,28.502001,-21.78661461734633,0.21864800399999998,22.212067938000004
508,2020-13,200327,28.502001,34.290668,20.30968632693542,-0.09378839399999861,22.118279544000007
509,2020-14,200403,34.290668,32.000668,-6.6782017778131335,0.20574400799999998,22.324023552000007
510,2020-15,200409,32.000668,38.200001,19.372511223828212,0.19200400799999998,22.51602756000001
511,2020-16,200417,38.200001,50.259335,31.568936346362925,-1.5688010939999861,20.94722646600002
512,2020-17,200424,50.259335,48.343334,-3.812229111268586,0.30155601,21.24878247600002
513,2020-18,200501,48.343334,46.754665,-3.286221426101882,0.290060004,21.53884248000002
514,2020-19,200508,46.754665,54.627998,16.839673645399866,0.28052799,21.81937047000002
515,2020-20,200515,54.627998,53.278,-2.4712565889747586,0.327767988,22.147138458000022
516,2020-21,200522,53.278,54.458668,2.216051653590608,0.319668,22.466806458000022
517,2020-22,200529,54.458668,55.666668,2.2181960087602555,0.32675200800000004,22.79355846600002
518,2020-23,200605,55.666668,59.043999,6.067061531327863,0.334000008,23.127558474000022
519,2020-24,200612,59.043999,62.352001,5.602604931959303,0.354263994,23.481822468000022
520,2020-25,200619,62.352001,66.726669,7.01608277174617,0.374112006,23.855934474000023
521,2020-26,200626,66.726669,63.982666,-4.1123032831145805,0.40036001400000004,24.256294488000023
522,2020-27,200702,63.982666,80.577332,25.936190280036154,0.383895996,24.640190484000023
523,2020-28,200710,80.577332,102.976669,27.798558780774723,0.483463992,25.123654476000024
524,2020-29,200717,102.976669,100.056,-2.8362434213132333,0.617860014,25.741514490000025
525,2020-30,200724,100.056,94.466667,-5.586204725353798,0.600336,26.341850490000024
526,2020-31,200731,94.466667,95.384003,0.9710684510548107,0.566800002,26.908650492000024
527,2020-32,200807,95.384003,96.847336,1.534149284969715,0.5723040180000001,27.480954510000025
528,2020-33,200814,96.847336,110.047333,13.629695503446781,0.581084016,28.062038526000023
529,2020-34,200821,110.047333,136.665329,24.187770184307894,0.6602839979999999,28.722322524000024
530,2020-35,200828,136.665329,147.559998,7.97178705068642,0.8199919740000001,29.542314498000025
531,2020-36,200904,147.559998,139.440002,-5.502843663633023,0.885359988,30.427674486000026
532,2020-37,200911,139.440002,124.239998,-10.900748552771818,0.8366400119999999,31.264314498000026
533,2020-38,200918,124.239998,147.383331,18.62792447887837,0.745439988,32.00975448600003
534,2020-39,200925,147.383331,135.779999,-7.872893034287571,0.884299986,32.89405447200003
535,2020-40,201002,135.779999,138.363327,1.9025836051155032,0.814679994,33.70873446600003
536,2020-41,201009,138.363327,144.666672,4.555647176653975,0.830179962,34.538914428000034
537,2020-42,201016,144.666672,146.556671,1.306450873494891,0.8680000320000001,35.40691446000003
538,2020-43,201023,146.556671,140.210007,-4.330518670146379,0.8793400259999999,36.28625448600003
539,2020-44,201030,140.210007,129.346664,-7.747908464193991,0.8412600419999999,37.127514528000034
540,2020-45,201106,129.346664,143.316666,10.800434713955973,0.776079984,37.90359451200003
541,2020-46,201113,143.316666,136.166672,-4.988948040418406,0.859899996,38.763494508000036
542,2020-47,201120,136.166672,163.203339,19.855568622548102,0.817000032,39.58049454000004
543,2020-48,201127,163.203339,195.253326,19.638070640209136,0.979220034,40.55971457400004
544,2020-49,201204,195.253326,199.679993,2.267140381516476,1.171519956,41.73123453000004
545,2020-50,201211,199.679993,203.330002,1.8279292507787754,1.1980799580000001,42.92931448800004
546,2020-51,201218,203.330002,231.666672,13.936295539897744,1.2199800120000002,44.14929450000004
547,2020-52,201224,231.666672,220.589996,-4.781298882732684,1.390000032,45.53929453200004
548,2020-53,201231,220.589996,235.223328,6.633724223831072,1.3235399760000002,46.86283450800004
549,2021-01,210108,235.223328,293.339996,24.70701715435298,1.411339968,48.27417447600004
550,2021-02,210115,293.339996,275.386658,-6.120317121706095,1.7600399759999998,50.03421445200004
551,2021-03,210122,275.386658,282.213318,2.478936361542978,1.6523199480000001,51.68653440000004
552,2021-04,210129,282.213318,264.51001,-6.2730235856551575,1.693279908,53.37981430800004
553,2021-05,210205,264.51001,284.07666,7.397319292377623,1.5870600600000002,54.96687436800004
554,2021-06,210212,284.07666,272.040009,-4.237113672063029,1.70445996,56.67133432800004
555,2021-07,210219,272.040009,260.433319,-4.2665378679648605,1.632240054,58.30357438200004
556,2021-08,210226,260.433319,225.166672,-13.541526535627332,1.562599914,59.86617429600005
557,2021-09,210305,225.166672,199.316666,-11.48038729284057,1.351000032,61.21717432800005
558,2021-10,210312,199.316666,231.243332,16.01806142994586,1.195899996,62.41307432400005
559,2021-11,210319,231.243332,218.289993,-5.601605411913023,1.3874599920000001,63.80053431600005
560,2021-12,210326,218.289993,206.236664,-5.521704790196232,1.309739958,65.11027427400005
561,2021-13,210401,206.236664,220.583328,6.956408100162056,1.237419984,66.34769425800005
562,2021-14,210409,220.583328,225.67334,2.30752344075614,1.323499968,67.67119422600004
563,2021-15,210416,225.67334,246.593338,9.27003517562154,1.3540400400000001,69.02523426600004
564,2021-16,210423,246.593338,243.133331,-1.403122658569142,1.4795600279999999,70.50479429400004
565,2021-17,210430,243.133331,236.479996,-2.7364964616883394,1.458799986,71.96359428000004
566,2021-18,210507,236.479996,224.123337,-5.225244929385067,1.418879976,73.38247425600004
567,2021-19,210514,224.123337,196.580002,-12.289365029398963,1.344740022,74.72721427800003
568,2021-20,210521,196.580002,193.626663,-1.502359838209789,1.179480012,75.90669429000003
569,2021-21,210528,193.626663,208.406662,7.63324573744268,1.161759978,77.06845426800004
570,2021-22,210604,208.406662,199.683334,-4.185724158856308,1.2504399720000001,78.31889424000003
571,2021-23,210611,199.683334,203.296661,1.8095285808879764,1.198100004,79.51699424400003
572,2021-24,210618,203.296661,207.770004,2.2004016091538263,1.219779966,80.73677421000004
573,2021-25,210625,207.770004,223.956665,7.790663083396768,1.246620024,81.98339423400003
574,2021-26,210702,223.956665,226.300003,1.046335459585459,1.34373999,83.32713422400003
575,2021-27,210709,226.300003,218.983337,-3.233170969069761,1.357800018,84.68493424200004
576,2021-28,210716,218.983337,214.740005,-1.9377419570512846,1.3139000220000001,85.99883426400004
577,2021-29,210723,214.740005,214.460007,-0.13038930496439458,1.28844003,87.28727429400004
578,2021-30,210730,214.460007,229.066666,6.810901111273399,1.286760042,88.57403433600004
579,2021-31,210806,229.066666,233.03334,1.7316679328628337,1.374399996,89.94843433200003
580,2021-32,210813,233.03334,239.056671,2.584750748540953,1.39820004,91.34663437200004
581,2021-33,210820,239.056671,226.753326,-5.146622743692439,1.434340026,92.78097439800004
582,2021-34,210827,226.753326,237.306671,4.654108138638728,1.3605199559999999,94.14149435400005
583,2021-35,210903,237.306671,244.523331,3.041069165729445,1.423840026,95.56533438000004
584,2021-36,210910,244.523331,245.42334,0.3680667183451639,1.467139986,97.03247436600005
585,2021-37,210917,245.42334,253.16333,3.1537302034924655,1.47254004,98.50501440600004
586,2021-38,210924,253.16333,258.130005,1.9618461330872763,1.5189799800000001,100.02399438600004
587,2021-39,211001,258.130005,258.406677,0.10718320018628565,1.5487800299999999,101.57277441600004
588,2021-40,211008,258.406677,261.829987,1.32477613958869,1.550440062,103.12321447800005
589,2021-41,211015,261.829987,281.01001,7.325372933696859,1.570979922,104.69419440000006
590,2021-42,211022,281.01001,303.226654,7.905997369986917,1.6860600600000002,106.38025446000006
591,2021-43,211029,303.226654,371.333344,22.460654134975883,1.819359924,108.19961438400006
592,2021-44,211105,371.333344,407.363342,9.702871714100626,2.228000064,110.42761444800006
593,2021-45,211112,407.363342,344.473328,-15.438309615988963,2.444180052,112.87179450000005
594,2021-46,211119,344.473328,379.019989,10.028834801398624,2.066839968,114.93863446800005
595,2021-47,211126,379.019989,360.640015,-4.849341600292222,2.2741199340000002,117.21275440200004
596,2021-48,211203,360.640015,338.323334,-6.188076772345968,2.16384009,119.37659449200004
597,2021-49,211210,338.323334,339.01001,0.2029644221938396,2.029940004,121.40653449600003
598,2021-50,211217,339.01001,310.856659,-8.304578086057116,2.0340600600000003,123.44059455600004
599,2021-51,211223,310.856659,355.666656,14.415003089896816,1.865139954,125.30573451000004
600,2021-52,211231,355.666656,352.26001,-0.9578198975166137,2.133999936,127.43973444600003
601,2022-01,220107,352.26001,342.320007,-2.8217801390512784,2.11356006,129.55329450600004
602,2022-02,220114,342.320007,349.869995,2.2055351266687846,2.053920042,131.60721454800003
603,2022-03,220121,349.869995,314.633331,-10.071359220158339,2.09921997,133.70643451800004
604,2022-04,220128,314.633331,282.116669,-10.334779820260048,1.887799986,135.59423450400004
605,2022-05,220204,282.116669,307.773346,9.094349898197615,1.6927000140000001,137.28693451800004
606,2022-06,220211,307.773346,286.666656,-6.857868062427997,1.8466400760000001,139.13357459400004
607,2022-07,220218,286.666656,285.660004,-0.35115768748492815,1.719999936,140.85357453000003
608,2022-08,220225,285.660004,269.956665,-5.497213043517295,1.7139600240000001,142.56753455400002
609,2022-09,220304,269.956665,279.429993,3.5092032271179665,1.61973999,144.18727454400002
610,2022-10,220311,279.429993,265.116669,-5.122329155267173,1.6765799580000003,145.863854502
611,2022-11,220318,265.116669,301.796661,13.835415229964273,1.590700014,147.454554516
612,2022-12,220325,301.796661,336.880005,11.624828413857108,1.810779966,149.26533448200001
613,2022-13,220401,336.880005,361.529999,7.317143681471981,2.02128003,151.28661451200003
614,2022-14,220408,361.529999,341.829987,-5.449067035789736,2.169179994,153.45579450600002
615,2022-15,220414,341.829987,328.333344,-3.9483496221178527,2.0509799220000002,155.50677442800003
616,2022-16,220422,328.333344,335.016663,2.0355285633127727,1.9700000640000002,157.47677449200003
617,2022-17,220429,335.016663,290.253326,-13.361525542984701,2.010099978,159.48687447000003
618,2022-18,220506,290.253326,288.549988,-0.5868452994058131,1.741519956,161.22839442600002
619,2022-19,220513,288.549988,256.529999,-11.096860277810864,1.7312999279999999,162.95969435400002
620,2022-20,220520,256.529999,221.300003,-13.733285049441712,1.539179994,164.49887434800002
621,2022-21,220527,221.300003,253.210007,14.419341874116462,1.327800018,165.82667436600002
622,2022-22,220603,253.210007,234.516663,-7.382545508953759,1.519260042,167.34593440800003
623,2022-23,220610,234.516663,232.229996,-0.975055235200918,1.407099978,168.75303438600002
624,2022-24,220617,232.229996,216.759995,-6.661499920966281,1.393379976,170.14641436200003
625,2022-25,220624,216.759995,245.706665,13.3542492469609,1.3005599700000001,171.44697433200002
626,2022-26,220701,245.706665,227.263336,-7.5062387908769095,1.47423999,172.92121432200003
627,2022-27,220708,227.263336,250.763336,10.340427283000016,1.363580016,174.284794338
628,2022-28,220715,250.763336,240.066666,-4.265643522943088,1.504580016,175.78937435400002
629,2022-29,220722,240.066666,272.243347,13.403227335193646,1.440399996,177.22977435
630,2022-30,220729,272.243347,297.149994,9.148670582572569,1.6334600820000003,178.863234432
631,2022-31,220805,297.149994,288.170013,-3.022036406300587,1.782899964,180.646134396
632,2022-32,220812,288.170013,300.029999,4.11562114896389,1.729020078,182.375154474
633,2022-33,220819,300.029999,296.666656,-1.1210022368463184,1.8001799939999998,184.175334468
634,2022-34,220826,296.666656,288.089996,-2.8910090927104406,1.779999936,185.95533440399998
635,2022-35,220902,288.089996,270.209991,-6.206395657001566,1.728539976,187.68387438
636,2022-36,220909,270.209991,299.679993,10.906333215487958,1.6212599460000001,189.305134326
637,2022-37,220916,299.679993,303.350006,1.224643982155987,1.7980799580000002,191.103214284
638,2022-38,220923,303.350006,275.329987,-9.236861198545679,1.8201000360000001,192.92331432
639,2022-39,220930,275.329987,265.25,-3.661056723182141,1.6519799220000002,194.575294242
640,2022-40,221007,265.25,223.070007,-15.901976625824693,1.5915000000000001,196.166794242
641,2022-41,221014,223.070007,204.990005,-8.105079765385046,1.338420042,197.505214284
642,2022-42,221021,204.990005,214.440002,4.609979398751659,1.22994003,198.735154314
643,2022-43,221028,214.440002,228.520004,6.565940061873348,1.2866400119999999,200.021794326
644,2022-44,221104,228.520004,207.470001,-9.211448727263283,1.371120024,201.39291434999998
645,2022-45,221111,207.470001,195.970001,-5.542970041244661,1.244820006,202.63773435599998
646,2022-46,221118,195.970001,180.190002,-8.052252344480012,1.175820006,203.813554362
647,2022-47,221125,180.190002,182.860001,1.4817686721597454,1.0811400119999999,204.89469437399998
648,2022-48,221202,182.860001,194.860001,6.5623974266520975,1.0971600060000002,205.99185437999998
649,2022-49,221209,194.860001,179.050003,-8.113516329090036,1.169160006,207.16101438599998
650,2022-50,221216,179.050003,150.229996,-16.09606619219102,1.074300018,208.23531440399998
651,2022-51,221223,150.229996,123.150002,-18.02569042203795,0.901379976,209.13669437999997
652,2022-52,221230,123.150002,123.18,0.024358911500469312,0.738900012,209.87559439199995
653,2023-01,230106,123.18,113.059998,-8.21562104237702,0.7390800000000001,210.61467439199996
654,2023-02,230113,113.059998,122.400002,8.261103984806375,0.678359988,211.29303437999997
655,2023-03,230120,122.400002,133.419998,9.00326455877018,0.734400012,212.02743439199998
656,2023-04,230127,133.419998,177.899994,33.338327587143276,-12.561469811999947,199.46596458000002
657,2023-05,230203,177.899994,189.979996,6.79033300023608,1.067399964,200.53336454400002
658,2023-06,230210,189.979996,196.889999,3.6372266267444227,1.139879976,201.67324452000003
659,2023-07,230217,196.889999,208.309998,5.800192522729414,1.181339994,202.85458451400004
660,2023-08,230224,208.309998,196.880005,-5.487011237933954,1.249859988,204.10444450200004
661,2023-09,230303,196.880005,197.789993,0.46220437672174913,1.1812800300000001,205.28572453200005
662,2023-10,230310,197.789993,173.440002,-12.311032843810262,1.186739958,206.47246449000005
663,2023-11,230317,173.440002,180.130005,3.8572433826424994,1.040640012,207.51310450200006
664,2023-12,230324,180.130005,190.410004,5.70698868297926,1.0807800300000001,208.59388453200006
665,2023-13,230331,190.410004,207.460007,8.954363028110647,1.142460024,209.73634455600006
666,2023-14,230406,207.460007,185.059998,-10.797266096689173,1.244760042,210.98110459800006
667,2023-15,230414,185.059998,185.0,-0.03242083683585002,1.1103599880000001,212.09146458600006
668,2023-16,230421,185.0,165.080002,-10.767566486486482,1.11,213.20146458600007
669,2023-17,230428,165.080002,164.309998,-0.46644293110682183,0.990480012,214.19194459800008
670,2023-18,230505,164.309998,170.059998,3.499482727764381,0.9858599880000001,215.17780458600006
671,2023-19,230512,170.059998,167.979996,-1.2230989206527023,1.020359988,216.19816457400006
672,2023-20,230519,167.979996,180.139999,7.238958976996278,1.0078799760000001,217.20604455000006
673,2023-21,230526,180.139999,193.169998,7.233262502682708,1.080839994,218.28688454400006
674,2023-22,230602,193.169998,213.970001,10.767719219006258,1.159019988,219.44590453200007
675,2023-23,230609,213.970001,244.399994,14.221616515298328,1.283820006,220.72972453800008
676,2023-24,230616,244.399994,260.540009,6.6039342865123,1.466399964,222.1961245020001
677,2023-25,230623,260.540009,256.600006,-1.5122449005519112,1.563240054,223.7593645560001
678,2023-26,230630,256.600006,261.769989,2.014802369100491,1.5396000360000002,225.2989645920001
679,2023-27,230707,261.769989,274.429993,4.836308412726416,1.570619934,226.8695845260001
